date,JPMorgan Chase,Bank of America,Citigroup,Goldman Sachs,Morgan Stanley,Wells Fargo,Bank of New York Mellon,State Street,Royal Bank of Canada,Toronto-Dominion Bank,HSBC,Barclays,Standard Chartered,BNP Paribas,Credit Agricole,Societe Generale,Deutsche Bank,ING Groep,Banco Santander,UBS Group,Mitsubishi UFJ Financial Group,Sumitomo Mitsui Financial Group,Mizuho Financial Group,Industrial and Commercial Bank of China,China Construction Bank,Bank of China,Agricultural Bank of China,Bank of Communications,aggregate_market_leverage
2024-12-31,,,,,,,,,,,,,38.157189,40.498740,56.598964,76.817426,,,,,,,,25.108217,22.939757,,,25.362956,29.938936
2025-01-02,,,,,,,,,,,,,38.292991,40.478742,56.390571,77.041406,,,,,,,,26.947400,24.574341,,,26.190824,31.447113
2025-01-03,,,,,,,,,,,,,38.142160,40.991715,56.914508,78.632471,,,,,,,,26.735151,24.613435,,,25.908686,31.382390
2025-01-06,,,,,,,,,,,,,37.587247,39.965775,56.307653,76.290722,,,,,,,,26.735151,24.613435,,,25.789695,31.233035
2025-01-07,,,,,,,,,,,,,38.217423,39.727076,56.204349,77.139814,,,,,,,,26.630324,24.652661,,,25.868895,31.256899
2025-01-08,,,,,,,,,,,,,37.460145,39.894504,56.307653,75.649314,,,,,,,,26.474673,24.613435,,,25.988650,31.151346
2025-01-10,,,,,,,,,,,,,36.837655,40.412224,56.245625,76.553158,,,,,,,,26.840840,25.092897,,,26.354933,31.545698
2025-01-13,,,,,,,,,,,,,37.190735,40.220581,56.060375,76.608637,,,,,,,,26.947400,25.215819,,,26.521195,31.629476
2025-01-14,,,,,,,,,,,,,36.925278,39.465966,55.132619,74.899203,,,,,,,,26.787886,24.850758,,,26.479425,31.298400
2025-01-15,,,,,,,,,,,,,35.769140,38.679049,54.293202,72.699210,,,,,,,,26.526347,24.613435,,,26.272612,30.923532
2025-01-16,,,,,,,,,,,,,35.426988,38.600313,54.025490,72.699210,,,,,,,,26.168977,24.304258,,,26.903375,30.701779
2025-01-17,,,,,,,,,,,,,35.123174,38.582188,53.854811,72.649314,,,,,,,,26.578229,24.652661,,,27.120686,31.012161
2025-01-21,,,,,,,,,,,,,35.028343,38.064101,53.146099,71.231968,,,,,,,,26.018863,24.077637,,,26.647328,30.453579
2025-01-22,,,,,,,,,,,,,35.491640,38.539968,53.535389,71.231968,,,,,,,,26.270057,24.419247,,,26.903375,30.787948
2025-01-23,,,,,,,,,,,,,34.902719,37.906207,52.871550,69.674378,,,,,,,,25.627179,23.818754,,,26.521195,30.128781
2025-01-24,,,,,,,,,,,,,35.123174,37.772763,52.944479,69.491643,,,,,,,,24.970455,23.458835,,,26.354933,29.699229
2025-01-27,,,,,,,,,,,,,35.459284,37.417801,52.708204,69.016558,,,,,,,,24.566457,23.178975,,,25.750284,29.338312
2025-01-28,,,,,,,,,,,,,35.654336,37.220430,52.295400,68.162468,,,,,,,,24.789204,23.458835,,,25.750284,29.496141
2025-01-29,,,,,,,,,,,,,34.949719,37.170025,52.064977,67.500929,,,,,,,,24.789204,23.458835,,,25.750284,29.444868
2025-01-30,,,,,,,,,,,,,34.824674,36.624662,51.679714,67.308203,,,,,,,,24.789204,23.458835,,,25.750284,29.377461
2025-01-31,,,,,,,,,,,,,34.638824,36.592139,51.801666,66.894441,,,,,,,,24.789204,23.458835,,,25.750284,29.356253
2025-02-03,,,,,,,,,,,,,35.556535,37.366845,52.277602,68.503731,,,,,,,,24.834258,23.565614,,,26.028825,29.533264
2025-02-04,,,,,,,,,,,,,35.378658,35.886135,51.766762,67.694778,,,,,,,,24.347846,23.213576,,,25.750284,29.030862
2025-02-05,,,,,,,,,,,,,35.202604,36.227642,51.351633,67.673183,,,,,,,,24.478523,23.529908,,,25.750284,29.227691
2025-02-06,,,,,,,,,,,,,34.093330,35.267732,50.408909,59.910060,,,,,,,,24.347846,23.458835,,,25.593885,28.858111
2025-02-07,,,,,,,,,,,,,34.093330,34.680570,49.805166,58.041589,,,,,,,,24.391242,23.601431,,,25.710997,28.826248
2025-02-10,,,,,,,,,,,,,34.273185,34.661182,49.934451,59.392211,,,,,,,,24.175855,23.318028,,,25.632798,28.636405
2025-02-11,,,,,,,,,,,,,33.652086,34.353993,49.279008,57.339297,,,,,,,,24.048514,23.248284,,,25.477875,28.425678
2025-02-12,,,,,,,,,,,,,33.623087,33.973152,49.184560,56.110429,,,,,,,,23.472302,22.639669,,,24.987564,27.868470
2025-02-13,,,,,,,,,,,,,33.915409,34.368267,49.676562,57.063199,,,,,,,,23.352555,22.805362,,,24.987564,27.967142
2025-02-14,,,,,,,,,,,,,33.710237,34.439822,49.358000,56.767131,,,,,,,,23.078051,22.508916,,,24.877191,27.734744
2025-02-18,,,,,,,,,,,,,33.264907,33.903581,48.472551,55.189507,,,,,,,,23.116852,22.125968,,,24.445676,27.441665
2025-02-19,,,,,,,,,,,,,33.222453,34.273334,48.702404,55.533934,,,,,,,,23.472302,22.157358,,,24.695477,27.659472
2025-02-20,,,,,,,,,,,,,33.222453,34.005720,48.610194,55.955997,,,,,,,,23.472302,22.188843,,,24.731599,27.649114
2025-02-21,,,,,,,,,,,,,32.051223,33.889699,48.244899,55.425831,,,,,,,,23.512501,22.157358,,,24.305283,27.553951
2025-02-24,,,,,,,,,,,,,32.222776,33.908208,48.275126,55.404263,,,,,,,,23.593336,22.188843,,,24.410419,27.608459
2025-02-25,,,,,,,,,,,,,31.585842,33.438156,47.989521,54.209334,,,,,,,,23.797987,22.508916,,,24.913868,27.764306
2025-02-26,,,,,,,,,,,,,30.422184,33.166054,47.355725,53.297175,,,,,,,,23.512501,22.188843,,,24.410419,27.380521
2025-02-27,,,,,,,,,,,,,30.049898,33.214784,47.210772,53.191134,,,,,,,,23.512501,22.252093,,,24.445676,27.379200
2025-02-28,,,,,,,,,,,,,29.946884,33.104247,47.153043,53.390313,,,,,,,,23.880888,22.606831,,,24.587771,27.632400
2025-03-03,,,,,,,,,,,,,29.958294,32.601129,46.809688,53.019738,,,,,,,,23.797987,22.541455,,,24.410419,27.494015
2025-03-04,,,,,,,,,,,,,30.588076,33.628196,47.766470,54.527455,,,,,,,,23.964395,22.476473,,,24.516509,27.757546
2025-03-05,,,,,,,,,,,,,30.564263,32.330235,46.387604,51.894743,,,,,,,,23.392329,22.001330,,,23.826874,27.089270
2025-03-06,,,,,,,,,,,,,30.864712,31.311203,45.566359,50.011098,,,,,,,,23.234080,21.847587,,,23.793454,26.852054
2025-03-07,,,,,,,,,,,,,31.233413,31.548720,45.579801,49.941206,,,,,,,,23.432243,22.063464,,,23.961546,27.061952
2025-03-10,,,,,,,,,,,,,32.382825,32.422829,46.331918,52.654363,,,,,,,,23.633973,22.283859,,,23.995464,27.463806
2025-03-11,,,,,,,,,,,,,33.493230,33.060245,46.852326,53.092116,,,,,,,,23.633973,22.411882,,,23.894012,27.622349
2025-03-12,,,,,,,,,,,,,32.598793,32.742643,46.597669,52.882120,,,,,,,,23.756760,22.411882,,,23.927730,27.619977
2025-03-13,,,,,,,,,,,,,32.721586,32.803064,46.738793,52.751727,,,,,,,,23.674754,22.283859,,,23.995464,27.554353
2025-03-14,,,,,,,,,,,,,32.222776,31.891646,46.220944,51.218296,,,,,,,,23.273431,21.847587,,,23.594962,27.022501
2025-03-17,,,,,,,,,,,,,32.571634,31.023300,45.660636,50.369487,,,,,,,,23.273431,21.786719,,,23.464544,26.875493
2025-03-18,,,,,,,,,,,,,31.459035,30.162392,44.982754,49.174086,,,,,,,,23.116852,21.458192,,,23.050891,26.473753
2025-03-19,,,,,,,,,,,,,31.752278,29.927967,44.516505,49.033621,,,,,,,,23.194865,21.399573,,,23.050891,26.449737
2025-03-20,,,,,,,,,,,,,32.423093,30.590327,44.852238,49.680882,,,,,,,,23.432243,21.636090,,,23.208172,26.760005
2025-03-21,,,,,,,,,,,,,32.707895,30.341638,44.969665,49.623408,,,,,,,,23.593336,21.726204,,,23.208172,26.826897
2025-03-24,,,,,,,,,,,,,32.183019,30.448765,44.852238,49.044826,,,,,,,,23.194865,21.399573,,,22.926661,26.493251
2025-03-25,,,,,,,,,,,,,31.662434,29.672657,43.723922,47.901294,,,,,,,,23.512501,21.726204,,,23.113535,26.571152
2025-03-26,,,,,,,,,,,,,31.946585,30.093475,44.122861,47.917323,,,,,,,,23.593336,21.878155,,,23.208172,26.737470
2025-03-27,,,,,,,,,,,,,32.625998,30.360054,44.236409,48.496282,,,,,,,,23.715684,22.094670,,,23.303623,26.931300
2025-03-28,,,,,,,,,,,,,33.067740,30.778681,44.606388,49.406235,,,,,,,,23.922567,22.252093,,,23.432174,27.193819
2025-03-31,7.095440,11.312135,20.484038,11.187919,7.485557,9.053225,7.906295,14.963504,,,20.108403,40.124799,34.188558,32.536821,44.536450,50.107252,33.023946,20.955238,20.630921,17.533456,18.311789,21.155321,28.647198,25.062318,22.894403,22.943704,26.447935,23.963733,17.898396
2025-04-01,7.136466,11.371785,20.608333,11.147795,7.537670,9.107433,7.914540,15.075124,,,20.036518,39.312749,33.985924,31.901989,43.934975,50.065761,32.405056,20.774966,20.236627,17.576642,18.459382,21.429872,28.660854,25.193327,22.799348,23.180167,26.393674,23.767462,17.921395
2025-04-02,7.082546,11.282566,20.274969,10.883784,7.344177,9.000844,7.877594,14.954153,,,19.911477,38.944791,33.814197,32.196103,43.871966,50.921383,32.229609,20.740169,20.148801,17.589021,18.730587,21.779528,28.922911,25.105829,22.736435,22.990593,26.285845,23.574518,17.804853
2025-04-03,7.538158,12.561670,22.937698,11.886603,8.010747,9.803731,8.248542,16.092991,,,21.751626,42.565585,38.856218,33.910409,45.342682,53.690838,34.545967,21.818530,21.198139,19.095886,20.097096,23.510136,31.335536,25.414879,22.799348,23.276185,26.834345,23.832512,18.972821
2025-04-04,8.110574,13.513096,24.794457,12.821241,8.579585,10.480830,8.901119,17.395443,,,22.972150,46.031460,40.443432,36.321059,47.413979,59.837726,38.180083,23.518800,23.139277,20.099483,21.865452,25.476622,35.177234,25.414879,22.799348,23.276185,26.834345,23.832512,20.055567
2025-04-07,7.972633,13.094585,24.503345,12.955829,8.497720,10.299357,8.817938,17.384698,,,23.633280,47.558265,41.352499,37.694358,49.126783,60.886541,39.665476,24.454510,24.199159,20.683385,24.279175,27.656018,39.290187,27.449452,24.986224,25.919121,29.423945,25.856545,20.684507
2025-04-08,7.894506,13.284481,24.535338,13.040929,8.543315,10.312838,8.880694,17.595679,,,23.713321,45.322443,41.982188,37.644462,49.142646,58.940394,38.152407,23.924312,23.099053,20.273492,21.997592,25.038165,34.734577,27.607831,25.217604,25.799029,29.491947,25.702873,20.448780
2025-04-09,7.380522,12.583455,22.561525,11.767811,7.774127,9.716131,8.299698,16.186498,,,24.413956,47.596801,44.034095,39.029117,49.769544,60.154514,39.928271,24.774485,23.671611,21.257819,23.174527,26.269059,36.230826,27.661048,25.573163,25.739418,29.022667,25.475892,19.950465
2025-04-10,7.583644,13.003498,23.457734,12.362920,8.099549,10.160846,8.560775,16.824715,,,23.759757,44.266539,42.160604,37.077598,48.780435,57.194339,37.329548,24.021337,22.482371,20.399738,21.347169,24.747110,33.662233,27.189633,25.256601,25.445599,28.441550,25.034223,19.940576
2025-04-11,7.330277,12.970107,23.439517,12.256286,7.998427,10.248776,8.457590,16.743010,,,23.459763,44.652321,41.104308,37.968404,48.392858,55.830028,37.194059,23.715435,22.766856,20.484824,22.169965,25.939499,35.546205,26.488573,24.281839,24.768124,27.884049,25.513433,19.785748
2025-04-14,7.370192,12.735080,22.878706,12.043212,7.934927,10.162298,8.472021,16.451149,,,22.661478,42.642444,39.223531,36.408716,47.355058,53.958548,35.396381,23.204029,21.978474,19.936658,22.137831,25.515847,35.021506,26.057375,23.823257,24.179273,27.407168,25.216301,19.504610
2025-04-15,7.413638,12.327332,22.501194,11.958196,7.851412,9.957871,8.448001,16.358139,,,22.313125,41.329929,37.895963,35.365216,46.361734,51.460506,34.529870,22.807480,21.251946,20.148878,21.673401,24.739740,34.165175,26.057375,23.719983,24.075330,27.290580,24.890520,19.295009
2025-04-16,7.511961,12.527601,23.273299,12.152306,8.015297,10.036277,8.648633,16.699517,,,22.199484,41.504017,38.131431,34.885121,45.873976,51.813728,34.570141,22.738811,21.188081,20.349042,22.202197,25.367455,34.969911,26.295112,23.997479,24.443275,27.584003,25.326876,19.527432
2025-04-17,7.445988,12.502950,22.868329,11.923783,7.930481,9.934338,8.587517,16.384598,,,22.164555,41.606265,38.204488,35.287491,45.846420,52.443918,34.797462,22.786304,21.470076,20.323792,21.722623,24.821066,33.882794,25.916867,23.583732,24.179273,27.407168,25.106724,19.371660
2025-04-21,7.529592,12.655617,23.063676,12.100922,8.118249,10.032041,8.823217,16.504807,,,22.164555,41.606265,38.204488,35.287491,45.846420,52.443918,34.797462,22.786304,21.470076,20.323792,22.061105,25.190209,34.096571,25.916867,23.583732,24.179273,27.407168,25.106724,19.513761
2025-04-22,7.346668,12.229785,22.427913,11.703203,7.855136,9.729291,8.590500,15.911171,,,21.865718,41.214703,37.986173,34.866196,45.477706,51.298172,34.266485,22.512148,21.094695,20.157136,22.319049,25.336444,34.704122,25.824067,23.349184,24.933946,26.778428,24.783867,19.217670
2025-04-23,7.207287,12.105171,21.862319,11.514742,7.737334,9.509582,8.451833,15.618248,,,20.757257,39.332312,35.775505,33.856909,44.758174,49.521107,32.834281,21.610560,20.245757,19.350021,21.630523,24.902951,34.125938,25.686155,23.119456,24.768124,26.447935,24.748526,18.788159
2025-04-24,7.111884,11.872293,21.293013,11.205105,7.545588,9.311400,8.358117,15.276036,,,20.993814,39.881618,35.911365,34.580187,44.758174,49.521107,32.661192,22.571609,20.448862,19.155047,21.223065,24.491843,33.425824,25.504639,23.022440,24.768124,26.072912,24.678160,18.591720
2025-04-25,7.139238,11.842161,21.212945,11.214658,7.522454,9.291137,8.364666,15.307079,,,21.022582,39.450116,35.663943,34.312692,44.265638,48.478371,32.069920,22.272502,19.957792,18.920692,21.065710,24.242006,33.091346,25.370246,23.087022,24.713357,26.285845,24.748526,18.557302
2025-04-28,7.147568,11.817632,21.257350,11.185868,7.532590,9.326962,8.340400,15.276036,,,21.029787,39.156952,36.344264,33.732754,43.646653,47.919417,32.173878,22.159657,19.612577,18.791510,20.646731,23.785059,32.548957,25.149500,22.926273,24.336956,25.606680,24.400818,18.436271
2025-04-29,7.112384,11.760824,21.080893,11.139107,7.511229,9.131378,8.236769,15.121230,,,20.517104,38.785627,35.505805,33.426430,43.337620,47.246851,30.677744,21.808875,19.907693,18.791510,20.646731,23.785059,32.548957,25.325773,23.184609,24.604580,25.657626,24.469542,18.379127
2025-04-30,7.112384,11.790505,21.227726,11.164475,7.555796,9.141684,8.203469,15.190154,10.174645,14.318176,21.070714,38.938400,36.147177,33.649038,45.288899,45.573447,31.407420,22.099960,20.675378,18.848694,20.303580,23.496895,32.284580,26.057375,24.610265,24.713357,26.125810,24.504056,18.098331
2025-05-01,7.056185,11.712606,21.298970,11.049217,7.480558,9.050982,8.158954,15.089400,10.137096,14.421782,21.248373,39.195784,35.474350,33.649038,45.288899,45.573447,31.407420,22.099960,20.675378,18.848694,20.536480,23.853135,32.872168,26.057375,24.610265,24.713357,26.125810,24.504056,18.046467
2025-05-02,6.921395,11.477852,20.594445,10.831405,7.294044,8.833889,8.051753,14.809262,10.067243,14.280486,20.752583,38.402814,35.490070,32.763973,45.248651,44.748368,30.728250,20.649410,20.194128,18.566389,21.036838,24.305741,33.586208,26.010364,24.610265,24.713357,26.020237,24.608210,17.791327
2025-05-05,6.920223,11.465111,20.692082,10.946312,7.326672,8.828585,8.048321,14.803163,10.090590,14.304582,20.752583,38.402814,35.490070,32.763973,45.101689,44.757785,30.169797,20.779324,20.052818,18.455952,21.036838,24.305741,33.586208,26.010364,24.610265,24.713357,26.020237,24.608210,17.802664
2025-05-06,6.998842,11.536860,20.910347,11.130986,7.394574,8.868004,7.986262,14.775785,10.175754,14.415644,20.726915,38.772950,36.812843,32.914435,45.075073,45.829050,30.477431,21.066782,20.157850,18.483431,21.036838,24.305741,33.586208,25.916867,24.463160,24.443275,26.072912,24.435129,17.892276
2025-05-07,6.995475,11.513691,20.689279,11.083995,7.353232,8.900260,7.899714,14.662869,10.123369,14.432541,20.804119,39.021668,37.155222,32.906040,44.968929,45.769803,30.633694,21.202291,20.151817,18.469681,20.888036,23.894176,32.999656,25.686155,23.997479,24.127186,25.967785,24.298481,17.824375
2025-05-08,6.898968,11.344360,20.307256,10.838356,7.208319,8.886250,7.774632,14.291011,10.099308,14.368254,20.794730,37.912366,36.460255,32.499961,44.549429,44.654404,30.465001,20.953019,19.538819,18.239192,20.741427,23.956015,32.727705,25.595062,23.788728,23.921153,26.072912,24.163417,17.625689
2025-05-09,6.908058,11.297329,20.358599,10.814069,7.217502,8.979862,7.742300,14.326431,10.058587,14.321200,20.664194,37.677905,36.427037,32.296736,44.368405,44.430538,29.916303,20.720650,19.282458,18.113020,20.223637,23.326165,31.534023,25.414879,23.651653,23.769021,25.555945,24.029911,17.511507
2025-05-12,6.749708,10.924478,19.464448,10.411773,6.955218,8.720900,7.650184,14.022422,9.982478,14.253480,19.935064,36.940368,33.323386,31.683073,43.960232,43.817549,29.312905,20.216077,18.979777,17.387089,19.925799,23.132362,31.286316,25.237316,23.316073,23.470737,25.505418,23.542677,17.122736
2025-05-13,6.684998,10.718279,19.303187,10.217400,6.849787,8.608120,7.587411,13.785360,9.941739,14.162774,20.060420,36.537688,33.729002,31.671434,43.909749,44.044241,29.255661,20.269712,18.932064,17.201823,19.251118,22.497876,30.590171,24.932717,23.283060,23.373038,24.867002,23.416210,16.907310
2025-05-14,6.628713,10.618358,19.371255,10.099998,6.774344,8.579195,7.586661,13.794520,9.865501,14.064566,20.169825,36.154908,34.043567,31.349063,43.142178,43.283111,29.164551,20.014552,18.635667,17.142950,18.899232,22.059868,30.120852,24.677662,22.830941,22.850525,24.536825,23.198276,16.754820
2025-05-15,6.589784,10.696380,19.209213,10.036464,6.710286,8.648380,7.479819,13.730678,9.715360,13.932077,19.986735,35.936758,33.914153,31.471069,42.960581,43.380091,28.756207,20.040772,18.704977,17.038049,19.038346,22.748491,30.755260,24.635681,22.736435,22.990593,24.677202,23.291155,16.731413
2025-05-16,6.588322,10.629120,19.266928,9.990773,6.724542,8.589144,7.430898,13.719020,9.633579,14.060203,19.915761,35.593293,33.856961,31.551670,43.117874,43.064345,29.012127,19.940314,18.594848,17.009153,18.880846,23.100388,31.351978,24.847090,22.767845,23.037681,24.583431,23.260109,16.722421
2025-05-19,6.644863,10.611913,19.168552,10.089594,6.783170,8.601118,7.412388,13.720315,9.633579,14.060203,19.947956,35.572049,33.714846,32.438717,42.996778,42.531450,28.646390,19.848826,18.518824,16.860549,18.676571,23.062141,31.525701,25.018961,22.990291,23.180167,24.867002,23.735075,16.788126
2025-05-20,6.627866,10.629120,19.223607,10.176215,6.859753,8.655469,7.428757,13.790593,9.634561,14.010958,19.779615,35.162975,33.185840,32.240302,42.389851,42.278413,28.706682,19.746461,18.267630,17.399187,18.631809,22.643872,30.574544,24.719794,22.736435,22.990593,24.724369,23.542677,16.750713
2025-05-21,6.727901,10.949720,19.839170,10.378152,7.038866,8.899180,7.515534,14.086491,9.706862,14.050034,19.877271,35.329624,33.531924,32.120053,42.495678,42.161383,28.402451,19.811294,18.287265,17.620052,18.672085,22.437624,29.791465,24.719794,22.611692,22.943704,24.724369,23.384816,16.925139
2025-05-22,6.736031,10.935935,19.839170,10.303376,6.992950,8.877654,7.495077,13.973770,9.654743,13.640858,19.963019,35.471504,33.434273,32.296736,42.554703,42.244910,28.805910,19.888494,18.194401,17.713844,18.899232,22.365766,29.955222,24.677662,22.611692,22.990593,24.677202,23.353508,16.916924
2025-05-23,6.735152,10.961235,19.924229,10.298557,7.001983,8.938226,7.501639,14.008871,9.621811,13.627252,20.220573,35.828695,33.856961,32.981766,43.386765,43.371254,30.012353,20.325728,18.450960,18.027749,18.922269,22.147205,29.761889,24.427985,22.427239,22.990593,24.490400,23.447695,16.950661
2025-05-27,6.636139,10.731464,19.327439,10.038959,6.856125,8.813772,7.419494,13.831289,9.535046,13.438487,20.251595,35.319160,33.644249,32.329076,45.832652,43.107916,29.175908,20.075172,18.119379,17.751658,18.609513,22.123845,29.289668,24.386885,22.488372,23.228071,25.011357,23.963733,16.806714
2025-05-28,6.674642,10.766803,19.434917,10.147259,6.934201,8.841326,7.522871,13.908131,9.500159,13.449046,20.296087,35.758809,34.174002,32.672721,46.574038,43.602162,29.743830,20.325728,18.292180,17.911076,18.735103,22.094717,29.133333,24.305112,22.519070,23.324506,24.819267,24.129897,16.873374
2025-05-29,6.655753,10.727065,19.312880,10.201399,6.904104,8.759240,7.503099,13.882858,9.805850,13.359862,20.163224,35.534940,33.616095,32.569660,46.375829,43.055639,29.626075,20.294567,18.302018,17.911076,18.363594,21.773884,28.950785,24.345926,22.457762,23.228071,24.536825,23.963733,16.801611
2025-05-30,6.663680,10.751311,19.363938,10.268979,6.910099,8.731225,7.536858,13.984551,9.727886,13.379425,20.123721,35.382036,33.658344,32.442793,46.347654,43.477517,29.684831,20.218133,18.299557,17.962733,18.187858,21.672822,28.985706,24.345926,22.396803,23.569293,24.630225,24.264568,16.836005
2025-06-02,6.649556,10.762372,19.247649,10.295762,6.893068,8.737433,7.509676,13.991297,9.667096,13.354655,20.064771,35.429345,34.144927,32.619047,46.221298,42.994815,29.880451,20.224308,18.274988,18.001684,18.494476,21.898755,29.246859,24.677662,22.767845,23.870216,24.914926,24.298481,16.881175
2025-06-03,6.615396,10.637746,19.073590,10.217094,6.880245,8.642313,7.484897,13.886841,9.678492,13.218268,20.066949,35.199291,34.014720,32.410217,46.249316,43.055639,29.585089,20.363253,18.376170,17.142950,18.609513,22.013583,29.375677,23.983661,22.038198,23.276185,24.125501,23.865177,16.714581
2025-06-04,6.658964,10.700752,19.104343,10.288160,6.904104,8.669687,7.557579,14.022422,9.712359,13.320920,20.136872,35.545532,34.029137,32.647926,46.347654,43.513053,30.066658,20.373703,18.501179,17.478264,18.578393,21.847490,29.140401,23.904679,21.863365,23.421780,23.728309,23.897934,16.749167
2025-06-05,6.708003,10.696380,19.040588,10.185909,6.792910,8.718838,7.539072,13.957633,9.751029,13.271946,20.119342,35.429345,33.814197,32.296736,46.040021,42.522964,29.491845,20.390447,18.255383,17.539612,18.825912,22.270701,29.593004,23.594108,21.634724,23.324506,23.513485,23.606447,16.722371
2025-06-06,6.626807,10.569165,18.674058,10.064427,6.740175,8.574230,7.413098,13.676460,9.696388,13.176420,19.939360,34.793866,32.887321,32.040402,45.860191,42.194753,29.289979,20.300791,18.184683,16.934505,18.735103,22.158905,29.368490,23.670958,21.691413,23.519906,23.386528,23.606447,16.578776
2025-06-09,6.605501,10.590492,18.694408,10.071519,6.734520,8.561352,7.435185,13.645686,9.691907,13.231006,19.843188,34.870105,32.995230,31.901989,45.288899,42.463670,29.364623,20.265574,18.172552,16.934505,18.556231,21.944535,28.777479,23.404242,21.246437,23.276185,23.178089,23.198276,16.492062
2025-06-10,6.566684,10.543699,18.726155,10.051602,6.740175,8.662571,7.435900,13.608699,9.651784,13.124824,20.080020,35.823308,33.942824,32.793118,46.702376,43.691642,29.637808,20.426122,18.526396,17.745344,18.721561,22.083088,29.303967,23.143727,21.111281,23.132467,22.772639,23.075634,16.519394
2025-06-11,6.576026,10.620509,18.647000,9.916735,6.740611,8.715748,7.467519,13.848432,9.688922,13.223359,20.106217,35.861042,33.559933,32.822317,46.946771,43.335955,29.289979,20.593642,18.471013,17.564280,18.798572,22.312188,29.368490,22.605387,20.690652,22.897017,22.458798,22.686239,16.465135
2025-06-12,6.574155,10.644226,18.680836,9.903327,6.735824,8.811660,7.456705,13.808940,9.661656,13.181477,20.073482,35.758809,33.700702,32.714133,46.702376,42.633534,29.643676,20.647260,18.378652,17.745344,18.730587,22.083088,29.126268,22.675648,20.716426,23.132467,22.458798,22.804582,16.488778
2025-06-13,6.643372,10.760158,19.113827,10.071224,6.843462,8.989787,7.537596,14.003459,9.747499,13.191603,20.271591,36.265008,34.014720,33.219674,47.091759,42.960140,30.261412,20.937505,18.733370,18.021225,18.996385,22.425614,29.754505,22.853318,20.742266,23.519906,22.497533,22.834369,16.697978
2025-06-16,6.530446,10.689830,18.717072,9.864472,6.780519,8.903499,7.401050,13.835241,9.675515,13.162534,20.071305,35.582667,33.049459,32.296736,46.249316,41.650982,29.579242,20.761902,18.064140,18.008192,18.825912,22.217598,29.549273,22.675648,20.361631,23.324506,22.267203,22.540105,16.460556
2025-06-17,6.547683,10.729265,18.879677,9.910025,6.816511,8.974359,7.452390,13.964352,9.691907,13.119814,20.340784,35.996478,33.714846,32.927037,46.975696,43.318326,30.194172,21.037660,18.533976,18.192492,18.839614,22.083088,29.218392,22.889201,20.690652,23.519906,22.191519,23.045184,16.575848
2025-06-18,6.457773,10.550052,18.653757,9.761347,6.709854,8.735363,7.323483,13.589652,9.658692,13.009397,20.090927,35.630530,33.517938,32.676858,46.889032,42.633534,29.976260,20.833962,18.471013,18.622134,18.807676,22.188211,29.211284,22.961324,20.690652,23.421780,22.343429,23.014818,16.424975
2025-06-20,6.437132,10.457700,18.631254,9.685328,6.701680,8.667652,7.322102,13.549212,9.682959,13.046391,20.262698,35.753447,33.090252,33.644642,47.860695,43.611092,30.121170,21.229613,18.589760,18.827206,18.784933,22.365766,29.454979,22.500846,20.486868,23.668717,22.420204,22.894189,16.415923
2025-06-23,6.373240,10.294285,18.429080,9.603695,6.646791,8.507349,7.462468,13.348405,9.691410,12.999571,20.410478,36.336943,33.531924,34.189614,48.178550,44.236528,30.279803,21.163711,18.738543,18.770159,18.949991,22.377709,29.622233,22.226948,20.311986,23.324506,22.041756,22.804582,16.307127
2025-06-24,6.316118,10.222575,18.046732,9.405791,6.567844,8.401626,7.351217,13.149198,9.619363,12.900974,19.838936,34.763468,32.766789,33.176932,47.208410,43.344773,28.794849,20.538191,18.199263,18.239192,18.654162,22.118013,28.902042,21.828943,19.829187,22.943704,21.784700,22.225442,16.049608
2025-06-25,6.263717,10.185174,17.739343,9.308416,6.494263,8.311762,7.435900,12.980379,9.639475,12.869669,19.762735,34.931344,32.806865,33.249662,47.487838,43.799517,28.739678,20.595782,18.620338,18.185840,18.717052,22.229376,29.168712,21.667479,19.573798,22.621002,21.604901,22.085433,15.971098
2025-06-26,6.178221,10.067117,17.394119,9.099363,6.414454,8.230378,7.433041,12.864406,9.547540,12.795677,20.073482,34.997936,32.887321,33.223956,47.193796,43.880782,28.359533,20.550960,18.663838,17.815064,18.613968,22.158905,29.027727,21.667479,19.550923,22.712232,21.569315,22.141215,15.867955
2025-06-27,6.207800,10.132542,17.392177,9.056569,6.378278,8.272214,7.352610,12.793892,9.543211,12.796864,19.883675,34.259835,32.024087,32.540923,46.602496,42.599449,27.875481,20.073144,18.284807,17.589021,18.547382,22.100536,29.182888,22.092600,19.758841,23.037681,21.784700,22.482202,15.885151
2025-06-30,6.400959,10.355102,17.597130,8.954888,6.606745,8.342118,8.065227,12.872012,9.458954,12.713239,20.983856,34.475090,33.754364,33.396280,47.072924,42.847182,28.441666,20.469285,18.027449,18.960808,18.038809,21.533550,28.558608,22.744055,20.725876,24.006388,23.303519,22.922785,16.214032
2025-07-01,6.391661,10.193840,17.375887,8.969413,6.598398,8.218683,8.101080,12.803195,9.458954,12.713239,21.240942,35.246731,34.447138,33.878779,47.405113,43.370816,29.471011,20.467194,18.179020,19.102392,18.159958,21.550516,28.380323,22.744055,20.725876,24.006388,23.303519,22.922785,16.216636
2025-07-02,6.362302,10.088143,17.283399,8.864437,6.528252,8.142430,7.990041,12.530457,9.523544,12.604333,20.904851,35.662003,34.124857,33.265225,46.492411,42.950871,29.043311,20.134387,17.805040,18.498103,18.120830,21.612962,28.620863,22.332494,20.169196,23.658558,22.683976,22.481388,16.031577
2025-07-03,6.289838,10.047280,16.923667,8.779781,6.479160,8.036489,7.964328,12.444744,9.456127,12.548362,20.916099,34.973664,33.525312,33.286290,46.830437,42.152131,28.778272,19.936549,17.508261,18.372035,18.008788,21.382115,28.537918,23.208212,20.169196,23.756860,23.106142,22.803315,15.971075
2025-07-07,6.362853,10.097481,17.127258,8.919306,6.494407,8.144165,7.903087,12.502093,9.428429,12.584853,20.717762,34.775495,33.418628,33.558389,47.434226,41.666147,28.817428,19.908901,17.392915,18.517170,18.159958,21.647184,28.809330,23.063297,20.052310,23.561102,23.028167,22.803315,16.025378
2025-07-08,6.537139,10.388831,17.509849,9.074334,6.596018,8.209836,7.944793,12.561078,9.415813,12.570000,20.592799,34.740169,32.627614,33.358121,47.202342,41.641740,28.644855,19.812768,17.223984,18.247772,18.177406,21.802599,28.950602,22.991547,19.959823,23.416481,23.067086,22.597346,16.147854
2025-07-09,6.529708,10.450970,17.467511,9.082681,6.579414,8.192206,7.917924,12.539942,9.374034,12.565438,20.447925,34.243479,32.426484,32.348853,46.131802,40.070782,27.740485,19.318595,16.847931,17.986534,18.073248,21.641472,28.683401,23.171806,20.005953,23.561102,23.917378,22.803315,16.120292
2025-07-10,6.433194,10.424812,17.223561,8.939519,6.519366,8.142430,7.872868,12.455129,9.326268,12.618122,20.154091,33.856533,31.718350,32.735130,46.548403,41.135929,27.849629,19.378010,17.299125,17.715691,18.129510,21.756307,28.489763,22.570656,19.423225,23.273700,23.343417,22.366667,15.955064
2025-07-11,6.458385,10.473217,17.289031,8.986484,6.550788,8.125990,7.868468,12.523090,9.416746,12.651584,20.353942,34.209257,31.838157,33.277861,47.260096,41.584910,28.209247,19.608112,17.590666,17.944755,17.830863,21.443540,27.951144,22.779068,19.710052,23.368684,23.626758,22.539211,16.040863
2025-07-14,6.423596,10.404789,17.145689,8.892993,6.485629,8.050827,7.758140,12.473868,9.404631,12.560879,20.091835,33.823103,31.294649,33.244185,47.159124,41.375212,28.081229,19.733077,17.547072,17.962634,17.957570,21.510974,28.143937,22.884793,19.576569,23.273700,23.545073,22.423874,15.953679
2025-07-15,6.464290,10.592273,16.572616,9.014223,6.577838,8.459428,7.764532,13.375941,9.464614,12.630792,20.162423,33.885240,31.064272,33.434527,47.653738,42.218921,28.225333,19.696375,17.748583,17.938803,17.906659,21.477202,27.984188,22.991547,19.554506,23.368684,23.750403,22.510260,16.077675
2025-07-16,6.478246,10.617281,16.693710,8.942880,6.649661,8.361413,7.741155,13.020087,9.404631,12.582565,20.187460,33.957231,31.317881,33.498476,47.727370,42.412161,28.022956,19.812768,17.683196,17.974576,18.151248,21.744766,28.077146,22.744055,19.620850,23.321092,23.709037,22.510260,16.069200
2025-07-17,6.401146,10.414790,16.176150,8.976414,6.605153,8.379883,7.573865,12.746089,9.305769,12.539275,19.893282,33.150191,30.658302,33.047752,47.317995,41.928298,27.611702,19.528249,17.413152,17.715691,18.138198,21.675789,27.793650,23.027365,19.800112,23.609726,24.215558,22.862887,15.983118
2025-07-18,6.375742,10.355102,16.117686,8.949160,6.607939,8.294773,7.512676,12.634593,9.334954,12.614672,19.887207,33.292715,30.514384,32.763672,46.987050,41.755882,27.714629,19.464099,17.494607,17.669467,18.168678,21.739000,27.670267,22.849437,19.444974,23.368684,24.345740,22.568239,15.918246
2025-07-21,6.381284,10.323577,16.248222,8.974606,6.622311,8.327485,7.528528,12.679802,9.324899,12.522275,19.696832,33.004387,30.426511,32.804530,46.844628,41.487857,27.428419,19.443438,17.426672,17.537987,18.168678,21.739000,27.670267,23.027365,19.665345,23.512689,24.302183,22.685140,15.931801
2025-07-22,6.372790,10.266975,16.029231,9.038252,6.639575,8.140696,7.508725,12.507335,9.377730,12.482804,19.669100,33.376050,30.714030,33.076856,47.072924,42.093866,27.668214,19.547202,17.553940,17.436527,17.893979,21.516613,27.313132,23.244740,19.891044,23.464481,24.610531,23.043571,15.941896
2025-07-23,6.276291,10.195750,15.717656,8.846571,6.553520,8.028083,7.461035,12.409577,9.322160,12.452538,19.584438,33.090798,30.792402,32.504638,47.001338,41.504001,27.153227,19.168082,17.206404,17.117904,17.108681,20.528637,26.009436,22.991547,19.643071,23.132728,24.345740,22.714564,15.705922
2025-07-24,6.280028,10.148242,15.810229,8.828460,6.542218,8.013837,7.439060,12.375650,9.430768,12.487301,19.338811,32.504318,30.382770,32.380684,46.049393,40.805655,24.966230,18.912318,16.791458,16.795863,16.559732,19.645408,25.169014,22.991547,19.554506,23.179519,24.389457,22.714564,15.613922
2025-07-25,6.243427,10.136912,15.705400,8.723219,6.522454,7.976405,7.378447,12.179224,9.388841,12.429109,19.386648,32.320797,30.371855,32.348853,46.353037,40.899465,25.354962,18.952222,16.758183,16.868631,16.664329,19.729649,25.264944,23.208212,19.822763,23.464481,24.790420,23.043571,15.619469
2025-07-28,6.249404,10.178591,15.785429,8.780103,6.539885,8.081383,7.396829,12.226943,9.472172,12.525671,19.359829,32.260097,30.624966,32.952497,46.717203,40.977975,25.615351,18.996769,16.843734,16.884311,17.047475,20.251528,25.907542,23.099349,19.732486,23.512689,24.881397,22.983012,15.690358
2025-07-29,6.271317,10.232188,15.952876,8.691565,6.501296,8.117368,7.318964,12.147636,9.499684,12.580279,19.166767,31.417961,29.952411,32.504638,46.646718,40.327926,25.171713,18.771864,16.504973,16.749435,17.310865,20.600452,26.181126,23.281386,20.075573,23.707604,25.111913,23.196440,15.696704
2025-07-30,6.225752,10.230263,15.745306,8.704512,6.448917,8.193085,7.292403,12.161433,9.477849,12.524538,20.029983,31.109727,29.857312,32.269560,46.118044,39.802151,24.735626,18.637885,16.551324,16.576477,17.174226,20.421895,26.094987,23.355043,20.075573,23.905923,25.019175,23.289183,15.675040
2025-07-31,6.285553,10.364997,16.077351,8.780748,6.543774,8.295678,7.345125,12.297268,9.468638,12.454600,20.095973,31.409771,30.058814,31.882890,46.830437,37.305945,24.829799,18.698141,16.877373,16.842565,17.009456,20.356400,25.551879,23.466448,20.407321,24.107738,25.252370,23.635973,15.782416
2025-08-01,6.411038,10.695213,16.384381,8.934484,6.678094,8.563005,7.449383,12.626022,9.483430,12.549588,20.197912,32.658903,30.176765,33.307385,47.492559,38.637656,25.584686,19.526357,17.629865,16.842565,16.885265,20.518421,25.717323,23.616725,20.800880,24.261446,25.442212,23.862333,16.059710
2025-08-04,6.321118,10.655037,16.342612,8.754599,6.586913,8.582502,7.347627,12.499998,9.483430,12.549588,20.067046,32.152289,29.888942,32.496613,47.101621,38.074465,24.792860,19.606203,16.996241,16.957899,17.506086,21.091255,26.602959,23.318155,20.725876,24.107738,24.745190,23.732434,15.960665
2025-08-05,6.373896,10.716493,16.436493,8.809674,6.622711,8.545543,7.394922,12.470741,9.361875,12.499037,20.050556,32.290418,29.679374,32.544835,47.029947,37.939649,24.801059,19.469740,16.972751,16.984345,17.405903,20.935592,26.037888,22.955847,20.528617,23.806333,24.215558,23.289183,15.926541
2025-08-06,6.374265,10.746443,16.317659,8.768402,6.589285,8.579571,7.293019,12.398246,9.282755,12.440996,19.862946,31.943129,29.825751,32.178865,46.464466,37.554167,24.193644,19.252209,16.727114,16.713512,17.263758,20.777080,25.695135,23.135518,20.701002,24.158747,24.700134,23.829719,15.906432
2025-08-07,6.456863,10.854930,16.485561,8.822369,6.604358,8.634659,7.297944,12.495809,9.267292,12.532305,19.862946,32.191015,29.783777,32.100429,46.145564,36.870069,23.597962,18.938902,16.389309,16.319177,16.967844,20.513317,25.437380,22.814197,20.455659,23.856018,24.172488,23.477013,15.885723
2025-08-08,6.422469,10.621461,16.235066,8.805776,6.515897,8.556204,7.244184,12.365410,9.255959,12.472789,19.760528,31.686634,29.493346,31.337228,44.744772,36.296745,23.244984,18.680882,16.041091,16.098550,16.866615,20.376505,25.190266,22.955847,20.676189,23.956045,24.172488,23.732434,15.782103
2025-08-11,6.407488,10.590195,16.304385,8.827807,6.489060,8.581525,7.233300,12.494762,9.188607,12.470512,19.558993,31.434360,29.340156,31.318627,44.423968,36.284484,23.173571,18.467962,15.956485,16.112745,16.866615,20.376505,25.190266,23.244740,20.701002,24.107738,24.215558,23.700188,15.767440
2025-08-12,6.346738,10.319651,15.756087,8.573612,6.361980,8.401239,7.212845,12.330728,9.106602,12.452330,19.457907,31.190234,28.743521,31.244454,44.538914,35.812897,23.284456,18.363414,15.928493,16.136462,16.195843,19.786234,24.413089,23.171806,20.651439,24.056950,23.833585,23.635973,15.552880
2025-08-13,6.389434,10.370944,15.926019,8.560289,6.344925,8.552324,7.316484,12.322598,9.050255,12.270335,19.444383,31.230649,29.118433,30.810514,44.462215,36.198902,23.342122,18.162088,15.706476,16.136462,16.192427,19.636095,24.383238,22.955847,20.479916,23.806333,23.545073,23.445488,15.550897
2025-08-14,6.322927,10.278630,15.799369,8.534893,6.317932,8.407763,7.228475,12.113290,8.982817,12.224374,19.473387,31.117759,29.098448,30.455373,44.195888,35.729584,22.979530,18.025113,15.559732,16.032658,16.087277,19.311392,24.225310,22.991547,20.577561,24.107738,23.545073,23.700188,15.468502
2025-08-15,6.390176,10.430836,16.078959,8.704828,6.460596,8.629708,7.373395,12.366433,8.987476,12.294560,19.768520,31.422060,31.283046,30.539835,44.259002,35.564150,23.106152,18.029110,15.513813,15.958054,15.232501,18.495644,23.185790,23.692620,21.029351,24.575086,24.086822,24.294954,15.628348
2025-08-18,6.370947,10.237968,15.994138,8.702298,6.454939,8.596210,7.327038,12.354166,8.991291,12.324434,19.748551,31.417961,30.503371,31.045985,45.083472,36.174528,22.986526,18.125616,15.586356,16.023294,15.604693,18.907109,23.688973,24.001363,21.263157,24.897296,24.258791,24.604178,15.676362
2025-08-19,6.387023,10.207225,16.070917,8.804586,6.481821,8.587392,7.368350,12.358252,8.965080,12.367865,19.653291,31.344389,30.426511,30.839296,44.667346,35.836774,22.906334,17.985241,15.520860,16.009265,16.000203,19.128990,24.059832,24.001363,21.263157,24.897296,24.086822,24.397124,15.689553
2025-08-20,6.357898,10.155810,16.163119,8.812166,6.479920,8.526234,7.357658,12.283133,8.951619,12.306712,19.277943,31.295538,30.101595,30.678120,44.284300,36.382806,23.084948,18.057145,15.638107,16.112745,15.937205,19.181999,23.877655,23.807423,21.158573,24.681520,23.875404,24.160107,15.630104
2025-08-21,6.372053,10.172885,16.258103,8.863778,6.482964,8.558146,7.324552,12.235936,8.949100,12.283536,19.217476,31.194270,30.069498,30.889798,44.615885,36.113734,22.885511,17.925783,15.490963,16.126967,15.986896,19.275514,24.055001,23.769026,21.184618,24.735096,23.585841,24.059990,15.632454
2025-08-22,6.285553,9.946714,15.830440,8.588823,6.335536,8.436795,7.277676,11.932367,8.897399,12.236375,19.217476,30.993750,28.900153,30.653205,44.398507,36.125876,22.788855,18.009142,15.388153,15.921030,15.748126,19.080669,23.844409,23.692620,21.158573,24.681520,23.709037,24.160107,15.449443
2025-08-25,6.309570,9.946714,15.871029,8.620666,6.348907,8.335709,7.242367,11.986595,8.971406,12.302290,19.217476,30.993750,28.900153,31.740819,45.722754,37.397003,22.713510,18.158027,15.443732,15.893381,15.764238,19.006497,23.665607,23.769026,21.210729,24.735096,23.709037,24.059990,15.501580
2025-08-26,6.244305,9.809620,15.759170,8.517287,6.301511,8.216912,7.154631,11.900274,8.908184,12.105757,19.342629,31.206388,29.380845,33.097678,48.294668,40.070782,22.993527,18.375893,15.683014,15.939520,15.871460,19.190864,23.768781,24.119319,21.692574,25.228436,24.044226,24.227335,15.515726
2025-08-27,6.231864,9.786888,15.583955,8.510067,6.286960,8.130309,7.128848,11.989465,8.525561,12.008458,19.467579,31.401582,29.617095,33.307385,48.568221,40.070782,23.758047,18.510136,15.839624,15.911803,16.020208,19.347411,23.834928,24.439864,21.858337,25.340865,24.610531,24.604178,15.535814
2025-08-28,6.200758,9.767744,15.591487,8.494572,6.258797,8.175536,7.067039,11.955135,8.499323,12.528855,19.436665,31.628367,29.752376,33.151938,48.174096,39.846667,23.852166,18.620743,15.529676,15.801954,15.900974,19.365474,23.425417,24.358897,21.747534,25.284519,24.565981,24.639045,15.504399
2025-08-29,6.194719,9.724545,15.629261,8.554608,6.248313,8.158074,7.095766,11.980862,8.544038,12.210223,19.613884,32.329489,29.524183,33.181232,48.355185,39.537189,24.000557,18.811144,15.663221,15.893381,15.957042,19.433528,23.480392,24.439864,21.802787,25.626554,24.790420,24.779544,15.539370
2025-09-02,6.224532,9.779917,15.905547,8.703458,6.305784,8.193085,7.148165,12.146651,8.545929,12.250591,19.617817,32.390456,29.867847,33.558389,49.046839,39.698679,24.260035,18.750117,15.863587,16.241710,15.871460,19.279991,23.764071,24.278488,21.289473,25.117041,24.345740,24.709086,15.574457
2025-09-03,6.227846,9.843056,15.866334,8.706515,6.317216,8.306552,7.149340,12.172298,8.491860,12.187440,19.455974,32.169489,30.069498,33.451556,48.706189,39.464231,24.178079,18.595094,15.801074,16.155490,16.354673,19.876530,24.553408,24.562373,21.475614,25.340865,24.477388,24.957536,15.619565
2025-09-04,6.153684,9.745228,15.552407,8.517788,6.246569,8.188690,7.098076,12.068471,8.464005,12.187440,19.329273,31.496009,29.984250,32.878342,47.609669,38.568059,23.825734,18.350952,15.616648,15.865836,16.033574,19.329384,23.954009,24.603493,21.583522,25.284519,24.001788,24.744264,15.445063
2025-09-05,6.318949,9.894583,15.808676,8.626653,6.333014,8.449981,7.208052,12.177244,8.519924,12.205876,19.298820,32.273086,29.941813,33.311608,48.174096,39.304688,24.123760,18.642174,15.791925,16.023294,15.894405,19.271039,23.646948,24.439864,21.368831,25.228436,23.791917,24.569416,15.602646
2025-09-08,6.345643,9.950332,15.736077,8.589232,6.307924,8.433036,7.188357,12.307387,8.536863,12.198277,19.170514,31.803841,29.421651,33.235779,47.434226,38.791680,24.000557,18.326082,15.435021,15.948783,15.783617,19.244235,23.498777,24.358897,21.475614,25.228436,24.129575,24.779544,15.596225
2025-09-09,6.256982,9.802613,15.513538,8.369976,6.188320,8.283934,7.144057,12.267021,8.539505,12.068539,18.999759,31.226604,29.208717,32.751432,47.072924,38.402074,23.620165,18.065172,15.376052,16.093824,15.950424,19.506677,23.853898,23.962312,21.158573,25.006666,23.959505,24.431381,15.433291
2025-09-10,6.209929,9.830708,15.538929,8.315772,6.124358,8.325660,7.189547,12.397217,8.530455,11.984400,18.678335,31.105714,28.841209,32.633623,46.408686,37.397003,23.421903,18.113492,15.118215,16.103279,15.538708,19.098211,23.420848,23.541336,20.602126,24.522226,23.184672,24.059990,15.266755
2025-09-11,6.124336,9.722826,15.296172,8.174534,6.047074,8.240006,7.095766,12.178234,8.497456,11.881007,18.416252,30.748776,28.772755,32.135676,45.885479,36.272235,22.969043,18.065172,15.009118,15.916414,15.796566,19.266566,23.792361,23.541336,20.826007,24.522226,23.224147,24.126637,15.153548
2025-09-12,6.101796,9.752143,15.207037,8.217486,6.049978,8.221342,7.045387,12.227941,8.542148,11.872820,18.499269,30.705728,28.559789,32.178865,45.980951,36.481675,22.888979,17.800320,15.093273,15.902586,15.761013,19.199737,23.637630,23.541336,20.826007,24.522226,23.383460,24.126637,15.155111
2025-09-15,6.068929,9.750413,15.157207,8.156022,6.041918,8.225777,7.048796,12.259987,8.518797,11.807762,18.392187,30.354342,28.340607,31.779087,45.201941,35.517170,22.642071,17.562452,14.896851,15.560619,15.761013,19.199737,23.637630,23.654610,21.158573,24.735096,23.833585,24.534754,15.128469
2025-09-16,6.064175,9.738323,15.037637,8.167227,6.068776,8.227553,7.102122,12.426100,8.489997,11.795650,18.593615,31.121775,28.989039,32.230064,45.994621,36.794234,23.414627,17.862818,15.239186,15.852100,15.751346,19.342901,23.801807,23.730760,21.106685,24.681520,23.875404,24.604178,15.192511
2025-09-17,6.022589,9.612518,14.883134,8.088807,6.017255,8.132038,7.015446,12.302326,8.471413,11.705669,18.364766,30.839185,28.929719,32.833194,46.492411,36.908105,23.472969,17.902116,15.259550,15.765698,15.822530,19.419877,24.040519,23.616725,20.927160,24.575086,23.917378,24.534754,15.121955
2025-09-18,5.998857,9.491913,14.795017,7.999878,5.959596,8.044916,6.931744,12.150589,8.466967,11.684889,18.296588,30.361976,28.685236,32.540810,46.408686,36.395133,23.683307,17.886374,15.025540,15.689238,15.806292,19.288952,24.108257,23.884606,21.422083,24.951855,24.302183,24.886021,15.086681
2025-09-19,5.974243,9.472410,14.758743,7.993878,5.938816,7.950030,6.921377,12.123081,8.411830,11.665174,18.145129,30.585085,28.607903,32.061359,45.776861,35.944628,23.338510,17.761493,14.826193,15.382574,15.430048,18.993471,23.717077,24.001363,21.529427,25.228436,24.655246,24.993453,15.015840
2025-09-22,6.011497,9.526260,14.651056,7.989016,5.914231,7.907591,6.880805,12.140749,8.326711,11.551280,18.081974,30.453886,28.397448,32.424556,45.561199,36.419816,23.454705,17.819801,14.992736,15.429914,15.262540,18.821572,23.311744,24.562373,21.970328,25.511477,24.973072,25.321631,15.053965
2025-09-23,6.006690,9.562542,14.715998,7.982429,5.912703,7.972271,6.924101,12.177244,8.343149,11.610356,17.996299,30.003719,28.180830,32.325023,45.149214,36.743854,23.342122,17.554891,14.773671,15.382574,15.262540,18.821572,23.311744,24.399310,21.830525,25.511477,24.927148,25.101858,15.046423
2025-09-24,5.995827,9.562542,14.898158,8.104819,6.002318,7.993824,6.954240,12.176255,8.352831,11.645531,17.989746,30.323848,28.218256,32.609359,45.547791,36.518892,23.472969,17.472174,14.693280,15.534289,15.307837,18.800315,22.964375,24.278488,21.914182,25.568882,24.927148,25.247930,15.084592
2025-09-25,5.995349,9.537771,14.835547,8.083990,5.968645,7.976405,6.901291,12.051031,8.386015,11.512898,18.188612,31.001720,28.733790,32.524724,45.912716,36.920803,23.905213,17.562452,14.738878,15.921030,15.238499,18.673833,22.704442,24.853265,22.401224,26.158064,25.346921,25.507860,15.142267
2025-09-26,5.954098,9.478901,14.660296,8.015578,5.932647,7.919780,6.877046,11.910636,8.393995,11.475743,17.963576,30.511624,28.284001,32.886563,44.809501,36.419816,23.609059,17.316531,14.519986,15.842957,15.110653,18.586359,22.640417,24.727723,22.169233,25.978365,25.019175,25.284724,15.009919
2025-09-29,5.959904,9.444934,14.694724,8.001532,5.900509,7.949208,6.865265,11.767332,8.355345,11.404088,17.944004,30.651124,28.425957,32.923618,44.693124,36.882740,24.000557,17.360698,14.679191,15.824707,15.519965,19.177569,23.366163,24.603493,21.886222,25.801212,24.745190,25.284724,15.025758
2025-09-30,5.969240,9.466138,15.033660,8.166331,6.004858,8.336198,6.501334,11.696111,8.340285,11.388194,17.979986,31.330165,28.540590,32.973155,45.268037,37.048273,23.929933,17.510785,14.673672,15.473828,15.203160,19.263776,23.855464,24.562373,21.886222,26.102619,25.472983,25.507860,15.148727
2025-10-01,6.044728,9.618154,15.430316,8.265225,6.070892,8.603809,6.611021,11.944222,8.335635,11.309447,17.886263,31.282300,27.949228,32.560942,44.487751,36.756436,23.819456,17.395664,14.755828,15.595041,15.668837,19.845943,24.765490,24.562373,21.886222,26.102619,25.472983,25.507860,15.292001
2025-10-02,6.096561,9.652299,15.633415,8.322368,6.122809,8.638759,6.634757,11.778803,8.364699,11.401280,18.002766,31.274339,28.406944,32.890677,44.667346,36.819475,23.857430,17.593471,15.008331,15.695319,15.955955,20.043578,25.102125,24.603493,22.112018,26.102619,25.755908,25.470387,15.411026
2025-10-03,6.055792,9.624961,15.573527,8.224116,6.048368,8.622662,6.623128,11.662106,8.342432,11.206588,17.711325,30.877593,27.949228,32.698514,44.757700,36.819475,23.683782,17.597250,14.872204,15.376540,15.700547,19.841287,24.750636,24.727723,22.197957,26.280653,25.851675,25.507860,15.316968
2025-10-06,6.069692,9.667752,15.527450,8.162463,6.032401,8.620772,6.632109,11.614678,8.343507,11.202985,17.787215,31.210786,28.293419,33.748134,46.311392,38.402074,23.995195,17.776782,14.958376,15.402943,15.681505,19.818043,24.800220,24.895410,22.430582,26.461230,26.045450,25.773426,15.374703
2025-10-07,6.094242,9.684988,15.564586,8.227135,6.100803,8.578507,6.605774,11.615586,8.394721,11.235507,17.899129,31.398233,28.387958,34.129897,46.408686,39.117837,24.018318,18.331222,15.114244,15.478281,15.825535,19.818043,24.980449,24.895410,22.430582,26.461230,26.045450,25.773426,15.439625
2025-10-08,6.155568,9.763404,15.730264,8.349432,6.111290,8.712531,6.654423,11.633781,8.434888,11.290175,17.645484,31.076622,27.721539,33.878779,45.912716,38.333347,23.523828,18.273725,14.848455,15.337116,15.496851,19.489583,24.438128,25.151432,22.460018,26.706050,26.242271,25.966667,15.465869
2025-10-09,6.130257,9.772204,15.850047,8.316923,6.091010,8.697085,6.611546,11.584798,8.387465,11.319570,18.592788,31.739103,28.171489,33.730793,45.507612,38.374552,23.571948,18.418189,15.032631,15.545414,15.407782,19.611403,24.409251,24.937701,22.430582,26.521995,25.948186,25.773426,15.477626
2025-10-10,6.209370,9.977760,16.164660,8.466256,6.238853,8.922186,6.733933,12.178882,8.483296,11.530135,18.852989,31.908270,28.152828,33.748134,45.776861,38.721512,23.830834,18.468277,15.241802,15.645008,15.880685,20.110381,24.970364,24.895410,22.284596,26.461230,25.566570,25.735137,15.662767
2025-10-13,6.089610,9.939174,15.822233,8.253498,6.128423,8.791689,6.638997,11.866589,8.483296,11.530135,18.885381,31.726796,28.265184,33.774179,45.912716,38.819818,23.516443,18.298320,15.074951,15.487197,15.880685,20.110381,24.970364,24.895410,22.342751,26.583054,25.242105,25.850362,15.522367
2025-10-14,6.188849,9.719665,15.266993,8.404260,6.121490,8.271997,6.596353,11.752650,8.373716,11.366767,18.811770,31.218716,28.425957,33.640054,45.614921,37.926221,23.564531,18.290114,15.238460,15.796986,16.172853,20.631797,25.606746,24.480557,21.858337,26.461230,25.015545,25.470387,15.447784
2025-10-15,6.127571,9.354400,15.275572,8.431546,5.891314,8.112192,6.502849,11.631959,8.298299,11.233695,18.946885,31.358156,28.521418,33.181232,44.978702,37.567326,23.830834,18.376667,15.303921,16.014171,15.841713,20.274584,25.297326,24.480557,21.858337,26.161685,24.926102,25.395783,15.294064
2025-10-16,6.250376,9.659160,15.797595,8.528007,5.971705,8.320477,6.616805,11.985887,8.373355,11.439792,18.939628,31.358156,28.685236,32.706643,44.783586,36.946225,23.516443,18.306534,15.143858,16.038163,15.777212,19.953661,24.950221,24.001363,21.502486,25.869106,24.233844,24.850422,15.393446
2025-10-17,6.267668,9.517318,15.674117,8.601405,6.014005,8.383767,6.656024,12.141742,8.370828,11.408772,19.401002,33.178119,29.700194,34.014877,45.885479,38.876225,24.970384,18.787975,15.635165,16.539766,16.230622,20.556290,25.951423,24.278488,21.502486,25.985317,23.984465,24.886021,15.550527
2025-10-20,6.184044,9.392929,15.344577,8.476428,5.911849,8.148571,6.524658,11.762910,8.301484,11.314966,19.296645,32.822363,29.442099,36.781247,46.255981,39.333598,24.664765,18.692990,15.376797,16.539766,15.624673,19.675203,24.496095,23.884606,21.158573,25.696805,23.740382,24.709086,15.324414
2025-10-21,6.276002,9.477640,15.497878,8.519180,5.996372,8.254838,6.602106,11.850436,8.328851,11.262768,19.014300,32.608320,29.483081,37.397528,46.380844,39.247001,24.920290,18.774963,15.505698,16.674355,15.735586,19.661495,24.251694,23.730760,20.978125,25.470747,23.306104,24.431381,15.382564
2025-10-22,6.329460,9.547320,15.791448,8.664394,6.031446,8.330950,6.600536,11.959688,8.334920,11.220124,18.903427,31.139609,29.309715,37.163288,46.269818,39.420587,25.033298,18.718795,15.464199,16.586092,15.913318,19.661495,24.218544,23.692620,21.003706,25.526871,22.962934,24.328911,15.416312
2025-10-23,6.321679,9.438332,15.731787,8.601304,5.993863,8.280607,6.618911,11.826768,8.296885,11.217414,18.872770,30.773288,29.198657,36.979105,46.159339,38.918638,24.866256,18.710185,15.455583,16.478426,16.035315,19.883271,24.418869,23.318155,20.826007,25.303900,22.557577,24.126637,15.331801
2025-10-24,6.217173,9.308314,15.420091,8.280333,5.855195,8.116307,6.550749,11.685979,8.277486,11.198485,18.673392,30.650608,28.743521,37.105198,46.311392,38.848000,24.681086,18.650151,15.495300,16.483519,16.220396,19.911364,24.337370,23.281386,20.800880,25.359263,22.307323,24.126637,15.168869
2025-10-27,6.153534,9.237798,15.104531,8.224025,5.792026,8.067235,6.571904,11.602887,8.257841,11.117261,18.673392,30.650608,27.885085,36.734702,46.339143,38.904491,24.559228,18.489232,15.256863,16.307226,15.959245,19.606863,23.975222,23.244740,20.826007,25.193928,22.201842,24.093267,15.052202
2025-10-28,6.133113,9.261170,15.048886,8.204872,5.815521,8.076180,6.527205,11.455476,8.245617,11.026873,17.895912,29.466635,27.356345,38.046512,46.534394,38.443434,24.197146,18.493430,15.097845,16.218116,15.955955,19.534515,23.882989,23.318155,20.775815,25.084946,21.959732,24.026811,14.987827
2025-10-29,6.130592,9.306733,15.370626,8.287957,5.850163,8.150234,6.599490,11.628316,8.360739,11.137667,17.530730,29.424469,27.078177,37.935823,46.506398,37.966534,23.103364,18.405711,14.512268,16.377259,15.910048,19.688932,23.800611,23.318155,20.775815,25.084946,21.959732,24.026811,14.997273
2025-10-30,6.065432,9.236245,15.212897,8.222471,5.814064,8.151065,6.554350,11.769449,8.376245,11.083725,17.586357,29.368438,26.165192,38.196992,48.798615,39.333598,23.057218,17.473474,14.867447,16.337162,15.643568,19.462728,23.309795,23.355043,20.876455,25.030824,22.342718,24.294954,14.943224
2025-10-31,6.038080,9.171525,15.071090,8.229699,5.851050,8.070485,6.553835,11.728479,8.655532,11.337603,17.686181,29.288282,26.350764,37.869732,48.324906,38.033916,23.203411,17.780645,14.748035,16.312208,15.593290,19.320809,23.140814,23.466448,21.289473,25.303900,22.703237,24.193671,14.954436
2025-11-03,6.066906,9.154743,15.018468,8.265133,5.861425,8.043758,6.547153,11.633781,8.590880,11.335808,17.598771,29.316110,26.006020,38.461881,48.552943,38.101547,22.864104,17.635126,14.715402,16.362199,15.593290,19.320809,23.140814,22.920262,20.676189,24.711121,22.272047,23.895041,14.876912
2025-11-04,6.068544,9.157789,15.101737,8.216351,5.850755,8.057502,6.550235,11.683219,8.658141,11.483255,17.506126,29.337020,25.802081,38.461881,48.324906,38.223903,22.773985,17.544512,14.779260,16.407470,15.580774,19.378200,23.266221,22.674362,20.407321,24.658664,22.307323,23.668036,14.863463
2025-11-05,6.029028,9.327322,15.007439,8.195787,5.816396,8.072112,6.515000,11.614678,8.649203,11.456552,17.341946,29.375430,25.958660,38.473234,48.660113,38.183029,22.712030,17.451166,14.669051,16.091217,15.822304,19.734839,23.700727,22.639682,20.479916,24.606437,22.028340,23.572120,14.839454
2025-11-06,6.001108,9.196060,15.124111,8.246130,5.868267,8.146909,6.528735,11.581188,8.663737,11.485101,17.296919,29.095000,25.570862,38.840285,48.309781,37.410048,22.926932,17.417819,14.568172,16.287334,15.593290,19.146450,23.227150,22.433917,20.192744,24.399816,22.132099,23.477013,14.791329
2025-11-07,5.988534,9.209925,15.132518,8.257557,5.900051,8.146909,6.467214,11.488174,8.710319,11.481408,17.570868,29.449049,25.709073,38.753614,48.324906,38.183029,23.092698,17.533255,14.712302,16.503925,15.691019,19.325211,23.592757,22.366195,20.216351,24.348726,22.097399,23.414053,14.836947
2025-11-10,5.946345,9.176115,15.035043,8.158689,5.820189,8.141929,6.402176,11.367248,8.641771,11.468505,17.293926,28.593363,25.194931,37.902748,47.536407,36.706162,22.163374,17.056193,14.226528,16.257592,15.593290,19.207097,23.441546,21.968685,19.845469,24.196781,21.891571,23.351444,14.661525
2025-11-11,5.966248,9.144099,15.136726,8.042869,5.778212,8.134471,6.388093,11.389817,8.605929,11.410830,17.139790,28.227931,25.239434,37.602280,47.202342,36.819475,22.130815,17.020906,14.034715,16.086378,15.646722,19.168063,23.503564,21.839448,19.754975,23.898750,21.623300,23.196440,14.603254
2025-11-12,5.892005,9.071854,14.846763,7.802278,5.682040,8.128682,6.321603,11.245693,8.534883,11.272486,16.879797,27.834474,25.077051,36.683130,46.618584,35.753348,21.592250,16.888212,13.687177,15.876514,15.167652,18.819984,22.999817,21.554410,19.598684,23.704281,21.233569,22.922785,14.391020
2025-11-13,6.064777,9.261170,15.149365,8.084925,5.803890,8.259978,6.398283,11.490834,8.641399,11.422679,16.842934,27.947526,25.011246,36.529304,45.776861,35.342135,21.845394,17.010350,13.705776,16.014171,14.878516,18.610143,22.453341,21.585694,19.554506,23.513087,21.459102,22.922785,14.559671
2025-11-14,6.162700,9.301997,15.201560,8.215622,5.855195,8.230101,6.425646,11.620129,8.655904,11.438214,17.066720,28.843605,25.509930,36.921605,46.311392,36.041061,22.548525,17.282135,14.059967,16.237829,14.872854,18.614210,22.510010,21.585694,19.710052,23.560584,21.823851,22.952858,14.707132
2025-11-17,6.218388,9.484228,15.506737,8.358434,5.989478,8.371375,6.614174,11.996596,8.601518,11.400825,17.228357,29.026609,25.739998,37.200351,46.632649,35.944628,23.286273,17.499574,14.334083,16.237829,15.012926,17.843977,22.566979,21.775424,19.959823,23.656179,22.166912,23.104467,14.866644
2025-11-18,6.235120,9.457940,15.487556,8.351420,5.977615,8.332698,6.576050,11.961625,8.548623,11.358291,17.803112,29.797726,26.302091,38.074284,47.609669,36.971684,24.283658,18.047503,14.831091,16.539766,15.499942,18.497025,23.592757,22.033907,20.169196,23.997239,22.521469,23.508626,15.018275
2025-11-19,6.168488,9.396156,15.268421,8.260789,5.902164,8.306560,6.575531,11.884701,8.543917,11.381777,17.937845,29.812138,26.342639,37.864233,47.580335,36.756436,23.987498,17.968138,14.603157,16.377259,15.530925,18.437021,23.651113,21.968685,20.216351,23.947890,22.739960,23.414053,14.941576
2025-11-20,6.253192,9.564079,15.589947,8.376124,6.013058,8.462622,6.630522,11.951949,8.563141,11.382682,17.989741,29.946149,26.101281,36.311114,47.303507,36.382806,24.022176,17.920872,14.600108,16.498818,15.247796,18.271180,23.097898,21.711793,20.005953,23.513087,22.703237,23.165698,14.986986
2025-11-21,6.259538,9.471063,15.431779,8.372979,6.029855,8.398870,6.632109,11.850436,8.441490,11.299147,18.038684,30.355763,26.342639,36.085626,46.972766,36.933510,24.370818,17.940535,14.780824,16.805984,15.256757,18.143073,23.080777,22.132502,20.311364,23.947890,23.306104,23.477013,15.039447
2025-11-24,6.259890,9.410707,15.288459,8.217447,5.885907,8.263407,6.546640,11.780677,8.441138,11.200312,17.931380,29.740216,25.609099,36.110539,46.987050,36.769026,24.256061,17.838789,14.744921,16.816610,15.256757,18.143073,23.080777,21.839448,20.029103,23.656179,23.422890,23.289183,14.926709
2025-11-25,6.173093,9.322562,15.079436,8.113006,5.809117,8.225853,6.492765,11.688741,8.325736,11.259207,17.889479,29.081294,25.693640,35.450108,46.311392,35.848726,23.983652,17.492108,14.428526,16.555178,15.301731,18.112302,22.669465,21.807387,20.005953,23.513087,23.038279,23.073977,14.777301
2025-11-26,6.095070,9.242461,14.896747,7.993673,5.737241,8.187005,6.381321,11.546115,8.314155,11.162001,17.670505,28.221493,25.033141,35.178660,45.980951,35.145894,23.420879,17.274865,14.170537,16.362199,14.895531,17.494276,21.818673,21.807387,20.029103,23.513087,23.152269,23.104467,14.628021
2025-11-28,6.006540,9.141063,14.749194,7.908754,5.689215,8.162727,6.347238,11.425608,8.277608,11.118813,17.580159,27.759630,24.623852,34.552504,45.803966,34.895241,23.435527,17.307633,14.127790,16.169056,15.030272,17.234468,21.830085,22.001244,20.122269,23.849822,23.038279,23.414053,14.548342
2025-12-01,6.073958,9.203757,14.872385,8.038092,5.722338,8.200469,6.361107,11.505044,8.347294,11.178509,17.435797,27.800118,24.518452,34.666722,45.641830,35.020104,23.523828,17.195317,14.054347,16.188642,14.805264,16.986068,21.724060,21.936225,20.169196,23.898750,22.925454,23.414053,14.592817
2025-12-02,6.091098,9.211469,14.803823,8.000536,5.705022,8.123727,6.348192,11.425608,8.275251,11.071729,17.311900,27.382518,24.248760,33.931327,44.952585,34.273512,23.064305,16.922919,13.866097,16.149522,14.474288,16.508241,21.288851,22.033907,20.145704,24.399816,22.925454,23.445488,14.527963
2025-12-03,6.021777,9.074839,14.347231,7.821793,5.579624,7.882150,6.300428,11.263489,8.194393,11.114515,17.580159,27.568202,24.808803,34.299449,45.427464,34.570401,23.439193,17.173757,14.024921,16.252646,14.766140,16.833409,21.555906,22.400002,20.927160,24.869902,23.190529,23.635973,14.514311
2025-12-04,5.958707,9.064403,14.214737,7.811534,5.548986,7.816540,6.260425,11.181799,8.020361,10.913219,17.515344,27.214322,24.787315,33.665927,44.952585,33.506891,23.163998,17.049124,13.796895,16.038163,14.519827,16.565210,21.127658,22.744055,20.725876,24.711121,22.962934,23.540329,14.395843
2025-12-05,5.975391,9.095793,14.082445,7.678182,5.507236,7.845375,6.257195,11.038475,7.999742,10.742049,17.708179,27.503984,25.187530,33.795916,45.070351,34.013985,23.071397,17.098746,13.826655,15.447164,14.442326,16.411099,21.131212,22.366195,20.577561,24.502672,23.660169,23.227269,14.365719
2025-12-08,5.972708,9.103303,14.077640,7.584716,5.499079,7.827894,6.237901,11.001256,7.946267,10.746037,17.667374,27.346294,24.873501,33.353889,44.796542,33.444598,22.777438,16.877831,13.786108,15.198677,14.609111,16.539839,21.120553,23.135518,21.395423,25.139315,23.700206,23.508626,14.398435
2025-12-09,6.215957,9.157789,14.016691,7.510424,5.448763,7.917765,6.170580,10.835573,7.959174,10.641843,17.614313,27.166661,24.687548,32.886563,44.132957,33.300169,22.374151,16.788417,13.740462,15.155960,14.677540,16.728919,21.184677,23.099349,21.529427,25.303900,23.501429,23.668036,14.483204
2025-12-10,6.054488,9.076332,13.822185,7.417736,5.426978,7.780462,6.063570,10.625007,7.906617,10.457248,17.098790,27.033535,24.207817,33.106013,44.296962,33.005052,22.457631,16.850210,13.638284,15.224429,14.777295,16.693319,21.231243,23.244740,21.637904,25.359263,23.540906,23.829719,14.341865
2025-12-11,5.938708,9.005279,13.747598,7.264236,5.412736,7.641323,6.050770,10.574505,7.839053,10.416107,16.948307,26.762656,24.025345,32.428552,43.833421,32.567443,22.059537,16.512900,13.409507,15.050287,14.943967,16.754912,21.463661,23.135518,21.610678,25.359263,23.462092,23.862333,14.213857
2025-12-12,5.921033,8.921074,13.740756,7.426987,5.459236,7.629151,6.121981,10.719244,7.890281,10.463262,16.959781,26.910500,23.892019,32.661983,44.246366,32.954712,22.739522,16.710155,13.597608,14.706499,14.606388,16.336724,20.927120,23.027365,21.448814,25.193928,24.150119,23.477013,14.222670
2025-12-15,5.897967,8.893874,13.627806,7.415211,5.474786,7.619161,6.125046,10.622768,7.836080,10.392334,16.775324,26.345802,23.456414,32.265605,44.145527,32.577258,22.397460,16.625963,13.290100,14.774711,14.292558,15.984191,20.481041,23.208212,21.692574,25.303900,24.488696,24.465737,14.172974
2025-12-16,5.967350,8.968765,13.800292,7.491392,5.507236,7.670139,6.242024,10.758992,7.875523,10.440000,16.959781,26.559619,23.539633,32.352829,43.932805,32.567443,22.589170,16.589205,13.360207,14.265975,14.727236,16.527184,21.213307,23.616725,22.140588,25.753972,25.150970,24.886021,14.341024
2025-12-17,5.976339,9.006747,13.779621,7.542143,5.551328,7.641323,6.278491,10.742901,7.903283,10.464767,16.540449,26.130047,23.424570,31.875176,43.550246,31.368918,22.698310,16.555937,13.292590,14.140020,14.858718,16.508241,21.170392,23.429189,22.026776,25.639898,24.661725,25.658912,14.311004
2025-12-18,6.007819,9.049540,13.624448,7.512504,5.599747,7.721907,6.237443,10.742136,7.828365,10.337818,16.424274,25.850704,23.291805,31.813611,43.428292,31.001191,22.017644,16.330204,13.140086,13.821366,14.998503,16.527184,21.357688,23.099349,21.775125,25.414877,24.360575,25.620974,14.263650
2025-12-19,5.941355,8.902443,13.401328,7.387281,5.495266,7.611333,6.174598,10.656466,7.759409,10.301339,16.204872,25.551296,23.104846,31.675982,43.054632,30.807520,21.832747,16.230907,13.170527,13.783051,14.881349,16.193133,21.263607,23.099349,21.858337,25.193928,24.403127,25.583153,14.124226
2025-12-22,5.851426,8.816178,13.062127,7.348061,5.425747,7.522275,6.111934,10.481592,7.734810,10.302066,16.202267,25.603762,23.030937,31.809771,43.162434,30.948125,21.839067,16.237274,13.208488,13.793479,14.628202,16.061124,20.983007,23.063297,21.720019,25.303900,24.318177,25.773426,14.013074
2025-12-23,5.809153,8.803610,12.929786,7.328983,5.432157,7.509157,6.113678,10.493924,7.720710,10.234241,16.098780,25.413339,22.884593,31.672176,43.114453,30.781305,21.623169,16.234090,13.131590,13.738066,14.519827,15.870253,20.757895,22.955847,21.529427,25.139315,23.943422,25.927777,13.943449
2025-12-24,5.761817,8.764765,12.717806,7.265956,5.379699,7.452467,6.070423,10.384782,7.726457,10.217082,16.096210,25.509485,22.896714,31.706461,43.198489,30.886446,21.623169,16.227725,13.147378,13.738066,14.705105,15.966548,20.951532,23.027365,21.692574,25.139315,24.066994,26.005677,13.911983
2025-12-26,5.780114,8.775824,12.828737,7.291792,5.374401,7.455176,6.102795,10.380525,7.726457,10.217082,16.096210,25.509485,22.896714,31.706461,43.198489,30.886446,21.623169,16.227725,13.147378,13.738066,14.680292,15.951878,21.117003,23.027365,21.692574,25.139315,24.066994,26.005677,13.929019
2025-12-29,5.841536,8.891022,13.058042,7.396587,5.421319,7.505714,6.102795,10.422552,7.688418,10.186499,16.217912,25.535601,22.902780,31.821292,43.440454,30.895243,21.969511,16.326980,13.175413,13.845867,14.620014,15.893484,20.976004,22.709152,21.502486,25.084946,23.383827,26.044810,13.974064
2025-12-30,5.846476,8.901014,13.152688,7.452712,5.442552,7.520200,6.128993,10.520147,7.693541,10.170930,16.093643,25.147087,22.650886,31.486858,43.018822,30.274937,21.741513,16.170681,12.983029,13.731173,14.639135,16.129841,21.000536,22.570656,21.236910,24.816741,23.152269,25.658912,13.941815
2025-12-31,5.705234,8.964119,13.284517,7.495461,5.673451,7.898483,6.371206,10.472042,7.722433,10.202832,16.077122,23.844539,22.853084,30.972118,44.263030,30.431048,22.413359,15.624063,13.221133,13.606218,15.112373,16.667950,21.622190,23.137621,21.916487,25.559762,23.438275,26.092409,14.107549
2026-01-02,5.658106,8.828892,13.076498,7.244406,5.561175,7.753557,6.327608,10.467637,7.705811,10.170223,15.849409,23.675409,22.592364,30.558686,43.679376,29.859897,22.126231,15.340362,13.004175,13.606218,15.112373,16.667950,21.622190,22.788445,21.567879,25.180250,23.322813,25.633402,13.929936
2026-01-05,5.538739,8.699535,12.625955,7.019896,5.447720,7.670872,6.151547,10.187189,7.602233,10.000365,15.659980,23.342256,22.458539,30.576736,43.775557,29.761400,21.970018,15.198292,12.918149,13.206597,14.824026,16.238691,21.011318,23.244565,21.916487,25.559762,24.074823,25.860787,13.761631
2026-01-06,5.531008,8.651118,12.701880,6.975604,5.419056,7.670180,6.140081,10.097588,7.680748,10.106390,15.537150,23.262201,22.680544,31.053959,44.213782,29.950782,22.221082,15.178226,12.936644,13.398238,14.402722,15.818412,20.045120,23.244565,21.754134,25.614953,24.406835,25.860787,13.742868
2026-01-07,5.636596,8.872511,12.810829,7.067364,5.489841,7.818736,6.176781,10.226033,7.702668,10.146269,15.861880,23.673046,23.243754,31.382027,44.837538,30.260729,22.481482,15.685227,13.148747,13.471247,14.433427,16.153902,20.153736,23.498168,22.053735,25.614953,24.662182,26.014724,13.940758
2026-01-08,5.597230,8.796841,12.886238,7.107539,5.492515,7.725299,6.194030,10.201717,7.692687,10.077228,15.804690,23.432141,23.040587,30.350878,44.213782,29.736882,22.342453,15.569451,13.051195,13.300047,14.510809,16.477589,20.397109,23.645697,22.081400,25.782022,24.533815,26.249237,13.896315
2026-01-09,5.605609,8.842910,12.815697,7.080546,5.452971,7.700767,6.238099,10.217681,7.678762,10.075844,15.819568,23.422889,23.187974,28.768894,43.932777,30.058933,22.448989,15.393267,13.004175,13.212996,14.316482,16.035625,19.974412,23.534869,22.136950,25.951376,24.533815,26.170579,13.850931
2026-01-12,5.672318,8.936701,13.179102,7.012859,5.447005,7.770626,6.167771,10.181667,7.684723,10.111967,15.718502,23.984587,22.829123,28.839128,44.042300,30.226904,22.007299,15.267524,12.904314,13.280596,14.316482,16.035625,19.974412,23.137621,21.781018,25.670391,24.281216,25.708734,13.856836
2026-01-13,5.876553,9.031289,13.325712,7.085925,5.539712,7.871939,6.072344,10.201024,7.706097,10.128735,15.592287,23.777540,22.733799,28.864757,43.739441,30.025569,22.044712,15.056196,12.738535,13.277359,13.646350,15.585805,19.003750,22.926785,21.541544,25.450120,24.115808,25.558529,13.908500
2026-01-14,5.924548,9.346542,13.752249,7.121684,5.589433,8.203794,6.004762,10.070576,7.719848,10.144864,15.589882,23.661232,22.680544,28.832730,43.969221,29.606814,22.069727,15.028116,12.731821,13.342405,13.218144,15.218206,18.476432,23.137621,21.647292,25.450120,24.322939,25.558529,13.997182
2026-01-15,5.902413,9.329084,13.203987,6.850748,5.338638,8.227278,6.029792,9.966088,7.683871,10.107783,15.309125,23.450669,22.516520,28.711691,44.066714,29.493964,22.029107,15.047760,12.676167,13.229024,12.869820,14.917557,18.373113,22.788445,21.436874,25.233747,24.239643,25.336614,13.824892
2026-01-16,5.852051,9.269332,13.144022,6.935042,5.387740,8.274707,6.139234,10.545290,7.681599,10.118946,15.364876,23.237158,22.195805,28.765709,44.263030,29.761400,22.132529,15.019715,12.680600,13.254755,12.766604,15.038773,18.162576,22.754134,21.489075,25.341453,24.406835,25.410139,13.828606
2026-01-20,6.007995,9.407419,13.708159,7.052250,5.556165,8.419093,6.166915,10.751720,7.783019,10.252183,15.399941,23.670681,22.662851,29.019527,45.002676,30.311618,22.879227,15.434687,12.915841,13.585786,12.991188,15.119080,18.220404,22.892036,21.673898,25.504819,24.879267,25.595907,14.084602
2026-01-21,6.019601,9.412263,13.589850,6.991029,5.525844,8.465613,6.206607,10.628776,7.771048,10.189335,15.376545,23.861351,22.716018,29.235161,44.939011,30.439618,23.080234,15.551338,12.920457,13.451251,13.425268,15.639877,18.926869,23.244565,21.916487,25.559762,25.325608,25.671009,14.154349
2026-01-22,5.993316,9.351316,13.393916,6.980737,5.532519,8.302801,6.188411,10.512595,7.756796,10.118248,15.224022,23.397484,22.470110,28.407442,44.411444,29.598722,22.227434,15.319892,12.575132,13.283833,13.487008,15.604685,18.785819,23.388776,22.081400,25.504819,25.280223,25.708734,14.056717
2026-01-23,6.092437,9.469190,13.619776,7.213554,5.635071,8.393498,6.301788,10.691396,7.759409,10.131537,15.376545,23.637641,22.769448,28.472742,44.498490,29.967369,22.559871,15.545310,12.745258,13.538369,13.407740,15.254130,18.463450,23.461585,22.081400,25.559762,25.462781,25.822598,14.207857
2026-01-26,6.036276,9.420349,13.484587,7.127005,5.561676,8.301972,6.238979,10.577460,7.852161,10.151191,15.246923,23.616451,22.716018,28.348627,43.860070,29.318422,22.384297,15.381477,12.551230,13.487960,13.887233,15.661618,19.020310,23.137621,21.943794,25.504819,25.145084,25.671009,14.148517
2026-01-27,6.048518,9.396139,13.487850,7.141108,5.542197,8.247645,6.245590,10.575208,7.863223,10.128036,14.856505,23.198569,22.475901,27.860204,42.740853,28.935105,22.145134,15.126887,12.407750,13.355498,13.694262,15.545513,18.858779,22.719928,21.647292,25.287479,24.533815,25.336614,14.038133
2026-01-28,6.040797,9.454478,13.552367,7.094630,5.550168,8.303631,6.244266,10.545290,7.962255,10.381232,15.061280,23.661232,22.621678,27.788887,43.181452,29.326353,22.572989,15.132573,12.612267,13.671357,13.793508,15.774062,18.775061,21.961873,20.978762,24.455361,24.239643,24.798986,14.047844
2026-01-29,5.947851,9.252195,13.443406,7.073172,5.548672,8.093321,6.132466,10.297634,7.913599,10.301339,14.935061,23.670681,22.656959,27.893019,42.994809,29.168546,22.845518,15.255939,12.581668,13.737173,13.671401,15.569662,18.615238,21.804029,20.660473,24.011877,24.156940,24.453573,13.903416
2026-01-30,5.956423,9.233581,13.388560,7.103752,5.538718,8.105079,6.199660,10.338133,7.937994,10.354694,14.768108,23.362934,22.383630,27.550960,42.558080,28.405170,22.291182,15.146808,12.416216,13.803677,13.544891,15.433870,18.329571,22.284862,21.281853,24.455361,24.791957,25.046893,13.929240
2026-02-02,5.920232,9.107099,13.333135,7.033319,5.482321,7.968014,6.127401,10.216986,7.875986,10.249789,14.561323,22.765307,21.889989,27.211816,42.085831,27.724388,22.205213,14.851036,12.139283,13.551881,13.821482,15.941759,18.918671,22.550507,21.489075,24.709208,24.923162,25.263532,13.846787
2026-02-03,5.815374,9.044564,13.178068,7.080481,5.535989,7.964994,6.225807,10.393405,7.809811,10.175905,14.603018,22.676353,22.190165,27.342989,41.504994,27.403416,21.988643,14.437573,12.101100,13.558647,13.205428,15.241280,17.886436,22.651841,21.541544,24.812291,25.145084,25.263532,13.749162
2026-02-04,5.778644,8.909471,13.207105,7.251517,5.607273,7.902927,6.139658,10.255382,7.820948,10.163940,14.534359,23.499449,22.441206,27.629797,42.775305,27.717328,23.183866,14.486605,12.501571,14.396372,12.928173,15.028799,17.208836,22.483476,21.359068,24.556244,25.055823,24.869293,13.754224
2026-02-05,5.888188,8.972817,13.385349,7.412227,5.718367,7.987704,6.174203,10.494118,7.857541,10.178020,14.852166,24.309805,22.557293,27.325803,43.847978,28.250089,24.094342,15.002941,12.758724,14.703700,13.218144,14.971721,17.530232,22.383707,21.256244,24.405244,24.791957,24.521851,13.914475
2026-02-06,5.702607,8.748568,12.683758,7.147522,5.610345,7.841956,6.015631,10.233003,7.810689,10.051464,14.553014,23.694341,22.162009,26.986772,43.500204,28.865825,23.687883,14.853769,12.544729,14.764426,12.920090,14.364152,16.999249,22.284862,21.129167,24.505696,24.662182,24.351895,13.627982
2026-02-09,5.706987,8.765051,12.581808,7.050646,5.549919,7.795673,5.886320,10.100298,7.707790,9.971261,14.419416,23.346848,21.966993,26.653644,42.752332,27.981079,23.320049,14.627936,12.369808,14.703700,12.895907,14.198886,16.550533,22.186925,20.855131,24.305647,24.619237,24.151163,13.526186
2026-02-10,5.763480,8.908044,12.735410,7.016408,5.663993,7.995306,5.931145,10.241383,7.664635,9.939710,14.550939,23.919180,23.243754,27.028674,43.087921,28.547013,23.482839,14.591011,12.424694,14.908233,12.595961,13.876123,16.035365,22.025684,20.757322,24.206895,24.576449,23.986502,13.598480
2026-02-11,5.877808,9.134198,13.211264,7.044432,5.695935,8.228090,6.123610,10.284918,7.752944,10.045981,14.557168,23.770385,22.943411,27.121333,43.111265,29.160703,23.658879,14.845574,12.776728,15.305367,12.595961,13.876123,16.035365,22.057736,20.684597,24.206895,24.281216,24.019247,13.751734
2026-02-12,6.009650,9.340185,13.896809,7.311990,5.936795,8.450905,6.426362,10.674515,7.876583,10.177315,14.972467,24.453103,24.015214,27.437903,43.322526,29.679832,24.000691,15.325735,12.950554,15.465254,12.404261,13.730841,15.941716,22.252115,20.855131,24.206895,24.491336,24.184379,14.022207
2026-02-13,6.011140,9.335424,13.930546,7.307876,5.847664,8.391798,6.295934,10.549019,7.861995,10.194973,15.288331,24.949028,24.169229,28.085542,43.727412,31.322365,24.952578,15.740712,13.264979,15.514823,12.715666,14.029056,16.303539,22.550507,21.154454,24.556244,25.055823,24.385690,14.134768
2026-02-17,5.936413,9.305395,13.598702,7.232818,5.836643,8.356277,6.248681,10.546781,7.861698,10.161832,14.932867,23.940940,23.539666,27.214652,43.064608,29.696106,24.387640,15.346221,12.817439,15.331769,13.230887,14.817729,17.792354,22.550507,21.154454,24.556244,25.055823,24.385690,14.063683
2026-02-18,5.910034,9.208893,13.328893,7.114734,5.698328,8.259921,6.218372,10.423104,7.774013,10.074152,14.636559,23.369837,23.004045,26.691750,42.489955,28.766361,23.870849,15.161071,12.480112,14.954052,12.920090,14.436906,17.713562,22.550507,21.154454,24.556244,25.055823,24.385690,13.890039
2026-02-19,5.921670,9.300673,13.405714,7.228670,5.758145,8.341996,6.277109,10.556487,7.774592,10.101111,14.808932,24.235086,23.318565,26.804002,42.592231,28.958277,24.314579,15.273324,12.627627,15.244140,12.692305,13.886627,17.086832,22.550507,21.154454,24.556244,25.055823,24.385690,13.937494
2026-02-20,5.878279,9.255306,13.357589,7.190916,5.729934,8.248463,6.275770,10.551258,7.716032,9.996934,14.719013,23.948204,23.095627,26.561568,41.897717,28.420033,23.834021,14.983423,12.441689,15.205055,12.958581,14.245369,17.382785,22.550507,20.953913,24.455361,25.055823,24.284599,13.870618
2026-02-23,6.093292,9.576983,13.943389,7.398573,5.974087,8.550659,6.396774,10.765748,7.773434,10.099031,14.689299,24.483496,22.931325,26.262885,41.569924,28.176857,24.113165,15.025315,12.261603,15.478738,12.958581,14.245369,17.382785,22.057736,20.540738,24.011877,24.449008,23.824169,14.051195
2026-02-24,6.099632,9.689279,14.083975,7.327940,5.915443,8.602443,6.350006,10.604559,7.771987,10.166752,14.704140,24.639218,23.256188,26.629206,42.030325,28.368087,24.523435,15.235709,12.553398,15.670208,13.182184,14.598853,17.961974,22.416861,20.904398,24.355338,24.835531,24.151163,14.160872
2026-02-25,5.998749,9.474106,13.536998,7.196695,5.775673,8.410542,6.182805,10.284213,7.681774,9.985430,13.695500,24.116527,22.967625,26.126568,40.929853,27.528092,24.169814,15.059009,12.023541,15.560181,13.427462,14.858947,18.694789,22.383707,20.733020,24.405244,25.371160,24.251097,13.932060
2026-02-26,5.952538,9.375268,13.337381,7.145867,5.674504,8.450042,6.127401,10.238588,7.827706,9.840483,13.659175,24.004039,22.662851,26.144833,40.908865,27.859251,23.841376,15.061825,12.089098,15.420482,13.028084,14.409531,17.833235,22.516939,21.053682,24.556244,25.325608,24.318199,13.859273
2026-02-27,6.048686,9.790418,14.009169,7.642287,5.982750,8.893660,6.235460,10.500762,7.949549,9.990840,13.699144,25.009846,22.733799,26.355471,41.418746,28.382909,24.403081,15.255939,12.405635,15.555633,12.851826,14.170274,17.437768,22.416861,21.078781,24.607013,25.508851,24.556139,14.136513
2026-03-02,6.095176,9.793947,13.862094,7.625868,5.968130,8.785645,6.219245,10.439116,7.869132,9.890481,14.286432,25.860772,23.948887,27.297214,42.286904,29.389974,25.239191,15.694445,12.985470,15.637945,13.475938,14.791188,18.260864,22.754134,21.620752,25.180250,26.221319,25.046893,14.343536
2026-03-03,6.049358,9.765790,13.942220,7.619108,5.999564,8.790363,6.286505,10.705250,7.989388,9.942386,15.014512,26.731533,24.686091,28.419857,44.189200,30.839211,26.330344,16.349673,13.807452,16.186630,13.678251,15.200312,19.084074,22.416861,21.179806,25.021171,25.836261,24.763987,14.467863
2026-03-04,6.064031,9.708281,13.877114,7.583466,5.950935,8.660415,6.266858,10.656931,8.000502,9.869360,14.704140,26.250485,24.223284,28.109802,44.140121,29.736882,25.781416,16.066456,13.328872,16.034715,14.303893,16.191794,20.206941,22.788445,21.594282,25.504819,26.221319,25.373320,14.489058
2026-03-05,6.164778,9.793947,14.157231,7.833972,6.104138,8.830211,6.342672,10.764967,8.050953,9.997611,14.839167,27.074002,24.693139,28.823136,45.649584,30.751420,26.398399,16.236440,13.685991,16.231311,13.863673,15.648022,19.056295,22.719928,21.436874,25.504819,26.123939,24.975537,14.623336
2026-03-06,6.237392,10.005480,14.456119,7.950781,6.176750,8.994760,6.411293,11.095737,8.124162,10.185782,15.214881,27.903028,25.278244,29.042241,46.221328,31.404416,27.332269,16.478236,13.843541,16.614135,13.749464,15.564288,18.940550,22.550507,21.281853,25.233747,25.788952,24.869293,14.764754
2026-03-09,6.229444,10.144604,14.448545,7.862145,6.170942,9.156014,6.417405,11.022046,8.141174,10.227642,15.146704,28.359987,25.449690,29.377445,46.766494,31.840220,27.704194,16.570899,13.996811,16.730108,14.201556,16.159719,20.032785,22.857396,21.256244,25.450120,25.979270,25.046893,14.860632
2026-03-10,6.250997,10.020316,14.154816,7.847496,6.161292,9.211221,6.402385,10.971342,8.056603,10.172383,14.826193,27.024076,24.629863,28.401238,45.440514,30.568737,26.819241,16.002083,13.291930,16.351756,13.927483,15.746478,19.221436,22.996615,21.281853,25.395667,26.172533,24.904602,14.721864
2026-03-11,6.273096,10.027752,14.128311,7.931036,6.156801,9.362886,6.323969,10.698318,8.069823,10.168159,14.904405,27.503007,24.978512,28.073428,45.636457,30.742671,27.128481,15.992475,13.490288,16.463850,14.105661,15.896668,19.499604,23.208803,21.620752,25.287479,26.368810,24.798986,14.798244
2026-03-12,6.359399,10.294006,14.587491,8.249988,6.374605,9.544035,6.323969,10.917929,8.136030,10.316148,15.799738,28.925667,25.916345,29.221997,46.988257,31.802643,28.582040,16.339614,13.757002,16.788743,14.256272,16.324435,19.998946,22.892036,21.256244,25.073963,26.221319,24.659607,15.065254
2026-03-13,6.348999,10.375568,14.563065,8.299204,6.357253,9.676635,6.367507,11.070777,8.156651,10.329971,15.992822,29.149796,26.746085,29.524532,47.509409,32.542445,28.814686,16.608969,13.905495,16.907333,14.246290,16.462439,20.156858,22.822867,21.281853,25.073963,26.368810,24.798986,15.130341
2026-03-16,6.298156,10.307831,14.353333,8.183853,6.328694,9.487639,6.404258,11.164598,8.069192,10.169567,15.799738,29.012003,26.687948,29.527893,47.324964,32.115410,28.374376,16.577806,13.942140,16.788743,14.356927,16.547665,20.285723,22.317708,20.929125,24.916275,25.694877,24.659607,14.979519
2026-03-17,6.284675,10.264521,14.308702,8.074632,6.256780,9.434194,6.369818,11.052551,8.047817,10.090723,15.659980,28.613610,25.830882,29.195710,47.030076,31.830819,28.411418,16.560548,13.827476,16.556788,14.228857,16.408142,20.175609,22.122133,20.781685,24.556244,25.462781,24.590528,14.875518
2026-03-18,6.269064,10.353545,14.191132,8.088333,6.220397,9.438622,6.438193,11.091569,8.109144,10.224793,15.635732,28.246859,25.419699,28.737083,46.628976,30.954114,28.496464,16.383297,13.716140,16.572386,13.882514,16.027043,19.599127,22.025684,20.708778,24.405244,25.462781,24.556139,14.825862
2026-03-19,6.264855,10.317731,14.049434,8.053132,6.232909,9.416529,6.426834,11.103250,8.196293,10.287180,16.105435,29.492816,27.238102,29.659575,47.709700,32.760390,29.190709,16.805706,14.162225,16.918203,14.098342,16.318490,20.113249,21.993731,20.830588,24.455361,25.371160,24.419582,14.932406
2026-03-20,6.290761,10.288094,14.088754,8.018193,6.138278,9.285292,6.424946,11.018759,8.253929,10.473498,16.467163,30.079591,27.220823,30.483107,48.528396,34.166639,29.634747,17.011115,14.311715,17.022208,14.098342,16.318490,20.113249,21.930114,20.855131,24.305647,25.235010,24.351895,14.986150
2026-03-23,6.229624,10.217730,13.840204,7.868419,6.049158,9.213319,6.358742,10.916319,8.142783,10.306714,15.959871,29.444366,26.425492,30.051560,47.926213,32.680790,29.241241,16.895145,13.794137,16.842428,14.718910,16.768045,20.825684,22.685832,21.594282,24.864169,26.027309,25.190886,14.954268
2026-03-24,6.185090,10.099014,13.603133,7.831847,6.001976,9.076104,6.288747,10.676814,8.101818,10.282850,15.980131,29.311051,26.264162,30.195170,48.144748,32.840391,29.371202,17.125087,13.988580,16.901905,14.331620,16.342295,20.085319,22.219469,21.129167,24.305647,25.555093,24.625016,14.806169
2026-03-25,6.132084,9.985160,13.521666,7.782180,6.008619,9.010698,6.284713,10.628018,8.059746,10.167455,15.684308,28.533196,25.449690,29.720763,47.495171,32.029482,28.485805,16.734876,13.680763,16.438231,13.941749,15.871425,19.306569,22.025684,20.855131,23.820111,25.011439,24.184379,14.605345
2026-03-26,6.198246,10.080152,13.752249,7.940473,6.082875,9.136404,6.345420,10.724558,8.139566,10.285736,15.777494,29.208220,26.613586,30.576736,48.617821,32.910723,29.073504,17.011115,13.994067,16.772708,14.028012,16.055687,19.458932,22.057736,21.028646,23.631515,25.325608,24.318199,14.777917
2026-03-27,6.360347,10.325666,14.349603,8.111199,6.238195,9.329299,6.438193,10.973784,8.209386,10.416748,15.747939,29.448086,26.938971,30.864916,48.842857,33.474337,29.456605,17.165920,14.089428,16.858605,13.958433,16.055687,19.427102,21.866881,20.830588,23.538382,25.189962,24.251097,14.950137
2026-03-30,6.342779,10.274329,14.363292,8.069726,6.238856,9.371596,6.413642,10.901054,8.211355,10.368749,15.601920,29.248529,26.837975,30.923968,48.903225,33.875514,29.348514,17.084460,13.968051,16.762037,14.423177,16.630741,20.159981,21.495364,20.469595,23.400111,25.100370,24.019247,14.917039
2026-03-31,6.755402,10.236701,14.269580,8.762841,6.652081,9.321739,7.346124,11.403871,8.048130,10.195681,15.842250,31.807424,28.168789,32.400953,49.500151,35.510200,30.241211,18.179700,13.867025,16.827680,14.965189,17.387734,20.616434,22.041435,20.767275,23.786898,25.485794,25.084139,15.239582
2026-04-01,6.731630,10.139216,14.052064,8.634514,6.597659,9.222584,7.223366,11.266775,7.984461,10.098339,15.092408,30.327674,27.208106,30.786404,47.598759,33.312764,28.854846,17.344190,13.226700,16.411427,13.930731,16.038863,19.067065,21.980268,20.720267,23.604965,25.441913,24.813531,14.943226
2026-04-02,6.746806,10.118857,14.057727,8.609480,6.609813,9.219524,7.164257,11.222934,7.971864,10.015945,15.245201,30.352787,27.562381,31.530168,48.210964,34.177926,29.603429,17.550763,13.442232,16.475171,14.155613,16.225872,19.587365,21.739116,20.626917,23.381597,25.011598,24.548936,14.967912
2026-04-06,6.730272,9.994989,13.822964,8.583033,6.584887,9.093997,7.089466,11.113010,7.926468,9.953109,15.245201,30.352787,27.562381,31.530168,48.210964,34.177926,29.603429,17.550763,13.442232,16.475171,14.004832,16.251347,19.440963,21.739116,20.626917,23.381597,25.011598,24.548936,14.896453
2026-04-07,6.692700,9.955632,13.848144,8.599705,6.522550,9.103897,7.041090,11.035164,7.891532,9.858837,15.292364,30.566171,27.500732,31.377007,48.067157,33.987925,29.653649,17.547157,13.561266,16.609262,13.916931,16.141565,19.260473,21.739116,20.626917,23.381597,25.011598,24.548936,14.866745
2026-04-08,6.497318,9.679437,13.186437,8.250660,6.284416,8.825344,6.884326,10.672474,7.765339,9.704574,14.583527,28.518238,25.491285,29.263647,45.685216,31.184816,27.705200,16.692448,12.673811,16.011870,13.585612,15.594733,18.190503,22.072153,20.488536,23.604965,24.843685,24.713613,14.440613
2026-04-09,6.455512,9.542766,13.046935,8.266948,6.220942,8.701623,6.855037,10.507646,7.720873,9.661032,14.595750,28.680128,25.720577,29.418406,45.919034,31.065593,27.598804,16.538349,12.800161,16.007239,13.773788,15.776116,18.742234,21.828896,20.626917,23.515084,24.760606,24.847023,14.396199
2026-04-10,6.463611,9.570407,13.098264,8.234287,6.236225,8.757536,6.901855,10.444226,7.663515,9.577706,14.528796,28.206240,25.420501,29.154135,45.984422,30.850838,27.502816,16.446706,12.611646,15.865055,13.776035,15.818822,18.595820,21.709362,20.626917,23.470413,24.555419,24.880611,14.366898
2026-04-13,6.397249,9.440285,12.917193,8.372429,6.135050,8.646510,6.829196,10.297514,7.631731,9.492947,14.528796,28.581498,25.576769,29.329767,46.221391,31.240490,27.719774,16.374787,12.797880,15.716630,13.695626,15.709879,18.729062,21.679692,20.696846,23.470413,24.474333,24.880611,14.305181
2026-04-14,6.441659,9.440285,12.613698,8.219733,6.073432,9.108857,6.768452,10.287022,7.584619,9.416364,14.482519,28.086469,24.966114,28.913106,45.492222,30.426341,26.736570,16.175116,12.416236,15.527617,13.740173,15.810796,18.585454,21.532609,20.557483,23.162598,23.921996,24.713613,14.243633
2026-04-15,6.533975,9.289565,12.427618,8.301121,5.854206,9.251259,6.705067,10.224561,7.556563,9.368024,14.536876,28.215496,24.652148,28.833676,45.517859,30.491490,26.959455,16.132786,12.463392,15.368822,13.462499,15.519822,18.168258,21.650108,20.557483,23.076194,23.730979,24.746826,14.207967
2026-04-16,6.462200,9.415048,12.635249,8.296984,5.965636,9.153768,6.583215,10.279168,7.573967,9.385057,14.549016,28.417623,24.747873,29.119892,45.685216,30.684537,27.176902,16.702182,12.600614,15.458520,13.322923,15.417750,18.375616,21.650108,20.397362,23.076194,23.768928,24.746826,14.225827
2026-04-17,6.456215,9.352610,12.385256,8.092484,5.926189,9.137742,6.572469,10.053936,7.489717,9.286765,14.281053,27.494317,24.086047,27.974577,44.453734,29.547412,26.402733,16.393484,12.058510,15.118566,13.651391,15.654698,18.642617,21.532609,20.106848,23.162598,23.543119,24.647466,14.081875
2026-04-20,6.340891,9.346417,12.310808,7.973566,5.877625,9.082147,6.561355,9.767572,7.446954,9.216098,14.434568,28.095646,24.444765,28.463965,44.873219,30.325122,26.968635,16.503460,12.352554,15.263479,13.649187,15.715156,18.624389,21.075695,19.676514,22.737213,23.104679,24.386529,13.986462
2026-04-21,6.408975,9.419768,12.428487,8.087891,5.913438,9.123772,6.458531,9.574030,7.527670,9.290215,14.384979,28.401968,24.392839,28.601076,45.237470,30.701084,27.172239,16.503460,12.482797,15.523278,13.827943,15.994882,18.963778,20.882127,19.509759,22.571596,22.821740,24.194574,14.055709
2026-04-22,6.408629,9.476830,12.600271,8.025037,5.868689,9.221564,6.540481,9.639855,7.569608,9.358657,14.506624,28.629135,24.734532,29.026925,45.711076,31.287762,27.383799,16.724939,12.574224,15.501628,13.995523,16.074788,19.056137,21.244635,19.910768,23.162598,23.104679,24.451222,14.158082
2026-04-23,6.431708,9.581841,12.710397,8.051740,5.930628,9.228712,6.559302,9.705546,7.616228,9.306931,14.551041,29.045704,25.047965,29.160372,45.958245,31.574522,27.974949,16.816629,12.825301,15.910626,14.193856,16.334018,19.421048,21.103656,19.782270,23.033246,23.104679,24.131288,14.227795
2026-04-24,6.491790,9.651089,12.758892,8.085139,5.945834,9.341647,6.616118,9.735000,7.608779,9.321396,14.725429,29.290383,25.246709,29.571655,46.194937,31.817666,28.139432,16.926076,12.973726,15.947283,14.177097,16.342621,19.578689,20.882127,19.530441,22.990462,23.033259,23.912477,14.277162
2026-04-27,6.432754,9.555751,12.653268,8.002789,5.890961,9.223605,6.598577,9.548980,7.582978,9.288489,14.733747,29.071951,24.952526,29.207220,46.089431,31.434812,28.084382,16.902733,12.882840,15.676663,14.023491,16.180791,19.097186,20.992279,19.634545,23.119313,23.104679,24.037002,14.194022
2026-04-28,6.435893,9.550877,12.708575,8.087891,5.886336,9.128756,6.637567,9.635322,7.518811,9.288489,14.610038,29.127892,24.702573,28.788059,45.633590,30.959937,27.905770,16.813336,12.779670,15.614923,13.629388,15.524964,18.215287,21.103656,19.655505,23.119313,23.104679,24.162887,14.137604
2026-04-29,6.474564,9.515302,12.792987,8.251862,5.972007,9.127759,6.691696,9.737319,7.604373,9.358657,14.622308,28.837475,24.601937,29.098144,45.853840,31.023242,28.407837,16.902733,12.658207,15.159669,13.629388,15.524964,18.215287,20.992279,19.447992,22.863105,23.104679,24.068345,14.165953
2026-04-30,6.405003,9.422918,12.758892,8.109221,5.880440,9.056592,6.602744,9.614983,7.643026,9.110985,14.440543,28.808440,23.679550,29.501210,47.556641,32.141873,28.712944,16.340629,12.763782,15.098105,13.889418,15.883345,18.763349,21.532609,19.889231,23.381597,23.431887,24.713613,14.158883
2026-05-01,6.418149,9.457723,12.808718,8.109683,5.891219,9.198164,6.627453,9.662591,7.646018,9.138237,14.337717,28.660984,23.507974,29.501210,47.556641,32.141873,28.712944,16.340629,12.763782,15.098105,13.976945,15.805450,18.811043,21.532609,19.889231,23.381597,23.431887,24.713613,14.186068
2026-05-04,6.503036,9.627883,12.978851,8.270567,5.947413,9.366931,6.708527,9.891909,7.696198,9.211433,14.337717,28.660984,23.507974,30.081340,47.796330,33.430764,29.300308,16.846328,13.236503,15.213460,13.976945,15.805450,18.811043,21.858995,19.761023,23.249681,23.960585,24.813531,14.350143
2026-05-05,6.471910,9.476830,12.756137,8.146977,5.914996,9.292573,6.687826,9.856026,7.673894,9.227371,15.167285,29.597193,24.220548,29.645676,47.402849,33.137362,28.992872,16.605394,13.004332,15.073628,13.976945,15.805450,18.811043,21.919456,19.889231,23.425916,24.234391,24.614532,14.336141
2026-05-06,6.376339,9.400918,12.793911,8.006226,5.810773,9.237921,6.633348,9.706122,7.551581,9.011884,14.496570,28.104828,23.165512,28.225811,45.788836,31.447855,27.950202,15.874941,12.532684,14.798145,13.976945,15.805450,18.811043,21.768957,19.571942,22.990462,23.960585,24.418832,14.085503
2026-05-07,6.527832,9.536288,12.657782,8.093097,5.891219,9.369045,6.760507,9.850073,7.553697,9.066882,14.577424,28.359790,23.279128,28.275452,46.036863,31.609650,27.999742,15.747855,12.541405,14.920568,13.682323,15.420284,18.240143,21.650108,19.676514,23.033246,23.883536,24.322192,14.172634
2026-05-08,6.604134,9.775856,12.986484,8.012735,5.817251,9.758509,6.768894,9.808040,7.523404,9.076764,14.783862,28.632316,23.374466,28.778951,46.367433,31.808758,28.034529,15.863298,12.667119,14.884802,13.937642,15.792102,18.634800,21.858995,19.932356,23.162598,23.960585,24.451222,14.314731
2026-05-11,6.643363,9.907798,12.957911,7.950538,5.867415,10.003718,6.682245,9.768156,7.560851,9.105446,14.628452,28.960736,23.640657,28.357607,46.049996,31.715519,28.099373,15.765057,12.723124,14.880839,13.711182,15.491609,18.330223,21.679692,19.761023,22.905392,23.730979,24.322192,14.308076
2026-05-12,6.553034,9.867452,12.902112,7.942896,5.847629,9.812099,6.641791,9.751837,7.495208,9.041740,14.750412,29.917696,23.998076,29.129222,46.648889,32.915991,28.448814,16.096690,12.971379,14.948512,13.581251,15.171186,18.131310,21.474361,19.634545,22.612764,23.617889,24.194574,14.252534
2026-05-13,6.638665,10.034695,13.126536,7.873716,5.798860,10.009841,6.577010,9.686594,7.575204,9.120419,14.540920,29.407604,23.406506,28.821496,46.380760,33.040739,28.039507,15.936373,12.880528,14.428619,13.407139,15.018626,17.936912,21.620607,19.697570,22.695572,23.395053,24.226347,14.256539
2026-05-14,6.645057,10.032883,13.056586,7.777664,5.781592,9.978095,6.536407,9.563436,7.429337,8.987082,14.430587,28.600532,23.095955,28.634066,45.997520,32.594277,27.792886,15.637012,12.917632,14.428619,13.620609,15.455858,18.096969,21.503444,19.697570,22.408484,23.395053,24.037002,14.201672
2026-05-15,6.684863,10.047402,13.193349,7.924084,5.831765,10.023340,6.575771,9.614418,7.427555,9.003239,14.694330,29.343851,23.370912,29.494825,46.716416,33.045554,28.505355,15.971704,12.992542,14.521952,13.396549,15.387407,18.275063,21.949819,19.889231,22.695572,23.358340,24.258208,14.312889
2026-05-18,6.629664,9.883196,13.293955,7.939522,5.827251,9.908076,6.512085,9.564550,7.427555,9.003239,14.555093,29.144387,22.986712,29.893015,46.920201,32.949481,28.295781,16.019073,12.987833,14.413807,13.123370,15.312107,19.299653,22.072153,19.932356,22.737213,23.468842,24.386529,14.270475
2026-05-19,6.725428,9.881443,13.543995,8.071178,5.906441,9.886567,6.522598,9.726895,7.426791,8.998924,14.665429,29.230475,23.484016,30.064721,46.797711,33.045554,28.300856,16.004238,12.966685,14.454622,12.682591,14.806294,18.340289,21.828896,19.739824,22.489731,23.505920,24.290155,14.288300
2026-05-20,6.606361,9.789561,13.056586,7.686846,5.703256,9.738869,6.488777,9.546205,7.306667,8.887821,14.331833,28.230939,22.918270,29.485250,46.194937,31.697823,27.176902,15.625737,12.495770,14.181154,12.983331,14.947126,18.101867,21.980268,19.997417,22.654088,23.468842,24.581688,14.072972
2026-05-21,6.587489,9.745177,13.018073,7.645907,5.638986,9.726207,6.416899,9.567336,7.228012,8.749791,14.351467,28.178506,22.816404,29.523587,46.155312,32.160085,27.167575,15.525043,12.678276,14.117168,12.838765,14.602553,17.354641,22.227095,20.084862,22.779016,24.194876,24.614532,14.044896
2026-05-22,6.525847,9.692841,13.030563,7.588831,5.626986,9.671382,6.410281,9.552867,7.195204,8.672638,14.194071,27.913307,22.709901,29.279363,45.762886,31.978921,27.074667,15.365700,12.709633,14.113632,12.746843,14.659174,17.012503,22.072153,19.910768,22.654088,24.038154,24.647466,13.957037
2026-05-26,6.519362,9.626229,12.862707,7.603473,5.610245,9.546100,6.337402,9.306295,7.186702,8.635618,14.081741,27.453428,22.353281,28.583115,48.124574,31.069836,26.651171,15.170047,12.435480,13.997986,12.861970,14.526298,17.225742,22.289711,19.997417,22.779016,24.637067,24.647466,13.927723
2026-05-27,6.656940,9.811922,13.001779,7.590550,5.613675,9.704423,6.387438,9.337854,7.203017,8.650876,13.914026,27.296881,22.256587,28.553229,47.967014,31.108064,26.709539,15.209813,12.247979,14.134881,12.979377,14.787731,17.544996,22.479799,20.329539,22.820978,24.433998,24.780131,14.027167
2026-05-28,6.705554,9.869198,13.070124,7.512774,5.564321,9.643100,6.356009,9.354254,7.229207,8.599440,14.129104,27.517740,22.521888,28.715377,48.182132,31.421780,26.858909,15.338578,12.439766,14.256599,13.176221,15.025816,17.900953,22.903527,20.557483,23.076194,25.139092,24.981942,14.127625
2026-05-29,6.656373,9.726535,12.953162,7.403609,5.471938,9.543895,6.399417,9.459997,7.137338,8.523806,14.010399,27.199261,22.192609,28.360551,47.542614,30.754990,27.360122,15.223118,12.382184,14.131334,13.107200,15.098126,17.595585,22.738592,20.534446,22.737213,24.637067,24.226347,13.988151
2026-06-01,6.708440,9.741782,12.657782,7.263028,5.408147,9.584860,6.279758,9.240278,7.216085,8.740693,14.113911,27.380721,22.029102,28.469897,47.967014,31.095310,27.685792,15.330463,12.459090,13.952986,13.011079,14.997099,17.618682,22.705902,20.442843,22.695572,24.678102,23.974571,13.981163
2026-06-02,6.625362,9.580206,12.465055,7.168898,5.326742,9.339547,6.328713,9.240793,7.134554,8.576639,13.860896,26.516698,21.478656,27.931728,47.725578,31.231913,27.275241,15.191228,12.371583,13.802964,12.920385,14.785414,17.254456,22.227095,20.150976,22.327849,24.313825,23.576875,13.773972
2026-06-03,6.627419,9.593305,12.582415,7.308510,5.426397,9.420102,6.355628,9.339966,7.105706,8.596521,14.025354,27.093850,21.997747,28.287158,47.909985,31.361111,28.270442,15.455929,12.543587,13.987573,12.574591,14.343688,16.643290,22.479799,20.352095,22.489731,24.353745,23.850719,13.846727
2026-06-04,6.445685,9.312520,12.135058,7.010640,5.261525,9.116805,6.227334,9.090408,6.990099,8.510475,14.263564,26.863229,22.604432,28.063563,47.796330,30.913682,27.478925,15.420250,12.382184,13.942645,12.457713,14.385054,16.618736,22.479799,20.397362,22.571596,24.474333,24.005745,13.635102
2026-06-05,6.419884,9.365023,12.360331,7.322722,5.389011,9.085106,6.287174,9.140426,6.997626,8.524283,14.323994,27.216436,22.855906,28.156039,47.739709,31.335181,27.676098,15.622921,12.439766,13.925448,12.279743,14.168057,16.475017,22.133858,20.019202,22.327849,24.393804,23.819965,13.669132
2026-06-08,6.441834,9.396218,12.291290,7.284484,5.382600,9.182975,6.309921,9.137408,6.952968,8.442656,14.222938,27.262343,22.855906,28.301804,47.824692,31.535097,27.890993,15.954017,12.519628,13.853716,12.461329,14.437674,16.790166,21.828896,19.932356,22.128895,24.433998,23.819965,13.668242
2026-06-09,6.414164,9.274333,12.169770,7.363587,5.424081,9.079190,6.255432,9.065629,6.880068,8.421250,14.825905,27.784131,24.328253,28.231643,48.009884,31.292067,27.851664,16.105699,12.649309,13.826599,12.418079,14.270300,16.527339,21.828896,20.084862,22.011295,24.802072,23.637162,13.683213
2026-06-10,6.476512,9.256127,12.282824,7.558825,5.500934,9.082147,6.387053,9.137910,6.885399,8.434265,15.018318,27.913307,24.588758,28.655101,48.355648,31.996943,28.104374,16.159971,12.691695,13.874130,12.407318,14.174401,16.682326,21.620607,19.953994,21.894996,24.514805,23.637162,13.751620
2026-06-11,6.400520,9.163328,11.899565,7.341282,5.373944,9.039971,6.298337,8.987345,6.839447,8.316486,14.717122,27.724471,23.811807,28.661116,48.559703,31.822123,28.240098,16.147877,12.660434,13.959889,12.559851,14.225374,17.148936,21.679692,20.084862,22.089550,24.194876,23.667424,13.635668
2026-06-12,6.278776,9.038007,11.762376,7.179521,5.345744,8.912261,6.228786,8.854882,6.818512,8.236635,14.207526,26.373695,22.912586,27.302234,47.194762,30.037464,26.552993,15.628554,12.074557,13.503460,12.483078,13.806275,16.788078,20.992279,19.468536,21.479363,23.505920,22.962738,13.329549
2026-06-15,6.300592,9.059588,11.657199,7.102461,5.267194,8.968410,6.283092,8.867085,6.828333,8.225180,14.094968,26.000942,22.445414,26.779656,46.635405,29.044077,25.496098,15.425726,11.662597,13.310418,12.199720,13.584292,16.322114,21.159812,19.613631,21.628576,23.321747,23.309518,13.259909
2026-06-16,6.112668,8.922048,11.524533,7.021331,5.212122,8.789460,6.211773,8.687045,6.765186,8.173216,13.862722,25.638980,22.155466,26.441808,45.814816,28.615313,25.317649,15.143659,11.495794,13.105142,12.248294,13.800280,16.393223,21.075695,19.655505,21.704001,23.617889,23.221800,13.106860
2026-06-17,6.077098,8.965491,11.466707,6.974931,5.134793,8.904709,6.153971,8.695581,6.730175,8.087969,13.617462,24.829100,21.740042,26.130071,45.111187,28.381166,24.736037,14.814378,11.264632,13.159615,12.097033,13.718914,15.914468,21.503444,20.041038,22.287759,24.393804,23.819965,13.080163
2026-06-18,6.205735,9.012263,11.519384,6.988989,5.167957,9.059533,6.241528,8.823147,6.692590,8.038370,13.570225,24.967143,21.528409,26.154927,44.848319,28.307492,24.747551,14.796813,11.274997,12.845704,11.761557,13.193371,15.475116,22.072153,20.239843,22.489731,25.053946,24.290155,13.137991
2026-06-22,6.107424,8.848862,11.330906,6.935886,5.096011,8.901880,6.140949,8.579954,6.658848,8.012587,13.492278,24.251845,21.399549,25.972144,44.687161,28.006461,24.314064,14.478519,11.177368,12.762627,11.893937,13.345673,15.845858,21.980268,20.307036,22.489731,24.969398,24.386529,13.022516
2026-06-23,6.066765,8.775672,11.380790,7.000590,5.115219,8.874642,6.111282,8.579082,6.627258,7.988227,13.540664,24.456406,21.399549,26.070613,44.873219,28.568878,24.720705,14.604057,11.235378,12.897862,12.114016,13.703158,16.269211,21.739116,20.217548,22.208029,24.843685,24.322192,13.027238
2026-06-24,6.077250,8.799917,11.480557,7.098268,5.230706,8.858761,6.244084,8.797205,6.634682,8.010931,13.684547,24.655267,21.780849,26.065672,45.048311,29.036700,25.349901,14.826953,11.294053,13.051155,12.329015,13.907016,16.462993,22.321159,20.534446,22.489731,25.441913,24.880611,13.166631
2026-06-25,6.051949,8.738257,11.380074,7.165945,5.208121,8.817956,6.176653,8.767766,6.613439,7.944883,13.544135,24.015446,21.478656,25.690904,44.736619,28.262086,25.094259,14.837029,11.247403,12.921192,12.230898,13.939589,16.456988,22.771379,20.981619,23.695568,26.163445,25.537242,13.171792
2026-06-26,6.145142,8.779702,11.615852,7.440978,5.386941,8.899995,6.244084,8.832454,6.635073,7.980418,13.745180,24.493150,21.750229,26.149951,45.098596,28.759181,25.785455,14.959098,11.321899,13.168742,12.189366,13.836332,16.320148,22.804267,21.078383,23.381597,26.588344,25.326017,13.329799
2026-06-29,6.102960,8.746244,11.526374,7.422961,5.357552,8.865293,6.244084,8.767766,6.591007,7.953427,13.734437,24.744215,21.709542,26.340405,45.288188,28.726679,25.873599,14.941162,11.245684,13.165698,12.189366,13.836332,16.320148,22.804267,21.127118,23.249681,26.492687,25.537242,13.295486
